Project,Package,Class,Smell,Description,File
camel-language-server,com.github.cameltooling.lsp.internal,AbstractLanguageServer.CamelServerRunnable,Unnecessary Abstraction,The tool detected the smell in this class because the class contains only a few data members without any method implementation that indicates that the abstraction might not be required. Following fields are declared in this class: ,C:\Dalhousie\ASD (5308)\Assignment 1\camel-language-server\src\main\java\com\github\cameltooling\lsp\internal\AbstractLanguageServer.java
camel-language-server,com.github.cameltooling.lsp.internal,AbstractLanguageServer.CamelServerRunnable,Unutilized Abstraction,The tool detected the smell in this class because this class is potentially unused. (Please ignore the smell if the reported class is auto-generated and/or used to serve a specific known purpose.),C:\Dalhousie\ASD (5308)\Assignment 1\camel-language-server\src\main\java\com\github\cameltooling\lsp\internal\AbstractLanguageServer.java
camel-language-server,com.github.cameltooling.lsp.internal,CamelLanguageServer,Deficient Encapsulation,The tool detected the smell in this class because the class exposes fields belonging to it with public accessibility. Following fields are declared with public accessiblity: LANGUAGE_ID; LOGGER; client; settingsManager; telemetryManager,C:\Dalhousie\ASD (5308)\Assignment 1\camel-language-server\src\main\java\com\github\cameltooling\lsp\internal\CamelLanguageServer.java
camel-language-server,com.github.cameltooling.lsp.internal,CamelLanguageServer,Broken Hierarchy,The tool detected a potential instance of the smell because this type does not implement or override any method from it's supertype(s): AbstractLanguageServer,C:\Dalhousie\ASD (5308)\Assignment 1\camel-language-server\src\main\java\com\github\cameltooling\lsp\internal\CamelLanguageServer.java
camel-language-server,com.github.cameltooling.lsp.internal,CamelLanguageServer,Cyclically-dependent Modularization,The tool detected the smell in this class because this class participates in a cyclic dependency. The participating classes in the cycle are: CamelLanguageServer; SettingsManager; CamelTextDocumentService,C:\Dalhousie\ASD (5308)\Assignment 1\camel-language-server\src\main\java\com\github\cameltooling\lsp\internal\CamelLanguageServer.java
camel-language-server,com.github.cameltooling.lsp.internal,CamelTextDocumentService,Insufficient Modularization,The tool detected the smell in this class becuase the class has bloated interface (large number of public methods). Total public methods in the class: 27 public methods,C:\Dalhousie\ASD (5308)\Assignment 1\camel-language-server\src\main\java\com\github\cameltooling\lsp\internal\CamelTextDocumentService.java
camel-language-server,com.github.cameltooling.lsp.internal,CamelWorkspaceService,Unutilized Abstraction,The tool detected the smell in this class because this class is potentially unused. (Please ignore the smell if the reported class is auto-generated and/or used to serve a specific known purpose.),C:\Dalhousie\ASD (5308)\Assignment 1\camel-language-server\src\main\java\com\github\cameltooling\lsp\internal\CamelWorkspaceService.java
camel-language-server,com.github.cameltooling.lsp.internal,AbstractCamelLanguageServerTest,Feature Envy,The tool detected a instance of this smell because initializeLanguageServer is more interested in members of the type: CamelLanguageServer,C:\Dalhousie\ASD (5308)\Assignment 1\camel-language-server\src\test\java\com\github\cameltooling\lsp\internal\AbstractCamelLanguageServerTest.java
camel-language-server,com.github.cameltooling.lsp.internal,AbstractCamelLanguageServerTest,Insufficient Modularization,The tool detected the smell in this class because the class contains large number of methods. Total methods in the class: 30 methods,C:\Dalhousie\ASD (5308)\Assignment 1\camel-language-server\src\test\java\com\github\cameltooling\lsp\internal\AbstractCamelLanguageServerTest.java
camel-language-server,com.github.cameltooling.lsp.internal,AbstractCamelLanguageServerTest.DummyLanguageClient,Unnecessary Abstraction,The tool detected the smell in this class because the class contains only a few data members without any method implementation that indicates that the abstraction might not be required. Following fields are declared in this class: ,C:\Dalhousie\ASD (5308)\Assignment 1\camel-language-server\src\test\java\com\github\cameltooling\lsp\internal\AbstractCamelLanguageServerTest.java
camel-language-server,com.github.cameltooling.lsp.internal,AbstractCamelLanguageServerTest.DummyLanguageClient,Unutilized Abstraction,The tool detected the smell in this class because this class is potentially unused. (Please ignore the smell if the reported class is auto-generated and/or used to serve a specific known purpose.),C:\Dalhousie\ASD (5308)\Assignment 1\camel-language-server\src\test\java\com\github\cameltooling\lsp\internal\AbstractCamelLanguageServerTest.java
camel-language-server,com.github.cameltooling.lsp.internal,CamelLanguageServerTest.Yaml,Unnecessary Abstraction,The tool detected the smell in this class because the class contains only a few data members without any method implementation that indicates that the abstraction might not be required. Following fields are declared in this class: ,C:\Dalhousie\ASD (5308)\Assignment 1\camel-language-server\src\test\java\com\github\cameltooling\lsp\internal\CamelLanguageServerTest.java
camel-language-server,com.github.cameltooling.lsp.internal,CamelLanguageServerTest.Yaml,Unutilized Abstraction,The tool detected the smell in this class because this class is potentially unused. (Please ignore the smell if the reported class is auto-generated and/or used to serve a specific known purpose.),C:\Dalhousie\ASD (5308)\Assignment 1\camel-language-server\src\test\java\com\github\cameltooling\lsp\internal\CamelLanguageServerTest.java
camel-language-server,com.github.cameltooling.lsp.internal,DummyConstants,Unnecessary Abstraction,The tool detected the smell in this class because the class contains only a few data members without any method implementation that indicates that the abstraction might not be required. Following fields are declared in this class: DUMMY_URI,C:\Dalhousie\ASD (5308)\Assignment 1\camel-language-server\src\test\java\com\github\cameltooling\lsp\internal\DummyConstants.java
camel-language-server,com.github.cameltooling.lsp.internal,DummyConstants,Deficient Encapsulation,The tool detected the smell in this class because the class exposes fields belonging to it with public accessibility. Following fields are declared with public accessiblity: DUMMY_URI,C:\Dalhousie\ASD (5308)\Assignment 1\camel-language-server\src\test\java\com\github\cameltooling\lsp\internal\DummyConstants.java
camel-language-server,com.github.cameltooling.lsp.internal,RangeChecker,Unutilized Abstraction,The tool detected the smell in this class because this class is potentially unused. (Please ignore the smell if the reported class is auto-generated and/or used to serve a specific known purpose.),C:\Dalhousie\ASD (5308)\Assignment 1\camel-language-server\src\test\java\com\github\cameltooling\lsp\internal\RangeChecker.java
camel-language-server,com.github.cameltooling.lsp.internal,TestExtraComponentUtil,Unnecessary Abstraction,The tool detected the smell in this class because the class contains only a few data members without any method implementation that indicates that the abstraction might not be required. Following fields are declared in this class: DEFAULT_COMPONENT,C:\Dalhousie\ASD (5308)\Assignment 1\camel-language-server\src\test\java\com\github\cameltooling\lsp\internal\TestExtraComponentUtil.java
camel-language-server,com.github.cameltooling.lsp.internal,TestExtraComponentUtil,Deficient Encapsulation,The tool detected the smell in this class because the class exposes fields belonging to it with public accessibility. Following fields are declared with public accessiblity: DEFAULT_COMPONENT,C:\Dalhousie\ASD (5308)\Assignment 1\camel-language-server\src\test\java\com\github\cameltooling\lsp\internal\TestExtraComponentUtil.java
camel-language-server,com.github.cameltooling.lsp.internal.catalog.diagnostic,BooleanErrorMsg,Unutilized Abstraction,The tool detected the smell in this class because this class is potentially unused. (Please ignore the smell if the reported class is auto-generated and/or used to serve a specific known purpose.),C:\Dalhousie\ASD (5308)\Assignment 1\camel-language-server\src\main\java\com\github\cameltooling\lsp\internal\catalog\diagnostic\BooleanErrorMsg.java
camel-language-server,com.github.cameltooling.lsp.internal.catalog.diagnostic,CamelDiagnosticMessage,Wide Hierarchy,The tool detected the smell in this class because the number of children for the class is large. This class has following sub-classes: BooleanErrorMsg; IntegerErrorMsg; InvalidDurationErrorMsg; LenientOptionMsg; NotConsumerOnlyErrorMsg; NotProducerOnlyErrorMsg; NumberErrorMsg; ReferenceErrorMsg; RequiredErrorMsg; UnknownComponentErrorMsg; UnknownErrorMsg,C:\Dalhousie\ASD (5308)\Assignment 1\camel-language-server\src\main\java\com\github\cameltooling\lsp\internal\catalog\diagnostic\CamelDiagnosticMessage.java
camel-language-server,com.github.cameltooling.lsp.internal.catalog.diagnostic,EnumErrorMsg,Unutilized Abstraction,The tool detected the smell in this class because this class is potentially unused. (Please ignore the smell if the reported class is auto-generated and/or used to serve a specific known purpose.),C:\Dalhousie\ASD (5308)\Assignment 1\camel-language-server\src\main\java\com\github\cameltooling\lsp\internal\catalog\diagnostic\EnumErrorMsg.java
camel-language-server,com.github.cameltooling.lsp.internal.catalog.diagnostic,IntegerErrorMsg,Unutilized Abstraction,The tool detected the smell in this class because this class is potentially unused. (Please ignore the smell if the reported class is auto-generated and/or used to serve a specific known purpose.),C:\Dalhousie\ASD (5308)\Assignment 1\camel-language-server\src\main\java\com\github\cameltooling\lsp\internal\catalog\diagnostic\IntegerErrorMsg.java
camel-language-server,com.github.cameltooling.lsp.internal.catalog.diagnostic,InvalidDurationErrorMsg,Unutilized Abstraction,The tool detected the smell in this class because this class is potentially unused. (Please ignore the smell if the reported class is auto-generated and/or used to serve a specific known purpose.),C:\Dalhousie\ASD (5308)\Assignment 1\camel-language-server\src\main\java\com\github\cameltooling\lsp\internal\catalog\diagnostic\InvalidDurationErrorMsg.java
camel-language-server,com.github.cameltooling.lsp.internal.catalog.diagnostic,LenientOptionMsg,Unutilized Abstraction,The tool detected the smell in this class because this class is potentially unused. (Please ignore the smell if the reported class is auto-generated and/or used to serve a specific known purpose.),C:\Dalhousie\ASD (5308)\Assignment 1\camel-language-server\src\main\java\com\github\cameltooling\lsp\internal\catalog\diagnostic\LenientOptionMsg.java
camel-language-server,com.github.cameltooling.lsp.internal.catalog.diagnostic,NotConsumerOnlyErrorMsg,Unutilized Abstraction,The tool detected the smell in this class because this class is potentially unused. (Please ignore the smell if the reported class is auto-generated and/or used to serve a specific known purpose.),C:\Dalhousie\ASD (5308)\Assignment 1\camel-language-server\src\main\java\com\github\cameltooling\lsp\internal\catalog\diagnostic\NotConsumerOnlyErrorMsg.java
camel-language-server,com.github.cameltooling.lsp.internal.catalog.diagnostic,NotProducerOnlyErrorMsg,Unutilized Abstraction,The tool detected the smell in this class because this class is potentially unused. (Please ignore the smell if the reported class is auto-generated and/or used to serve a specific known purpose.),C:\Dalhousie\ASD (5308)\Assignment 1\camel-language-server\src\main\java\com\github\cameltooling\lsp\internal\catalog\diagnostic\NotProducerOnlyErrorMsg.java
camel-language-server,com.github.cameltooling.lsp.internal.catalog.diagnostic,NumberErrorMsg,Unutilized Abstraction,The tool detected the smell in this class because this class is potentially unused. (Please ignore the smell if the reported class is auto-generated and/or used to serve a specific known purpose.),C:\Dalhousie\ASD (5308)\Assignment 1\camel-language-server\src\main\java\com\github\cameltooling\lsp\internal\catalog\diagnostic\NumberErrorMsg.java
camel-language-server,com.github.cameltooling.lsp.internal.catalog.diagnostic,ReferenceErrorMsg,Unutilized Abstraction,The tool detected the smell in this class because this class is potentially unused. (Please ignore the smell if the reported class is auto-generated and/or used to serve a specific known purpose.),C:\Dalhousie\ASD (5308)\Assignment 1\camel-language-server\src\main\java\com\github\cameltooling\lsp\internal\catalog\diagnostic\ReferenceErrorMsg.java
camel-language-server,com.github.cameltooling.lsp.internal.catalog.diagnostic,RequiredErrorMsg,Unutilized Abstraction,The tool detected the smell in this class because this class is potentially unused. (Please ignore the smell if the reported class is auto-generated and/or used to serve a specific known purpose.),C:\Dalhousie\ASD (5308)\Assignment 1\camel-language-server\src\main\java\com\github\cameltooling\lsp\internal\catalog\diagnostic\RequiredErrorMsg.java
camel-language-server,com.github.cameltooling.lsp.internal.catalog.diagnostic,UnknownComponentErrorMsg,Unutilized Abstraction,The tool detected the smell in this class because this class is potentially unused. (Please ignore the smell if the reported class is auto-generated and/or used to serve a specific known purpose.),C:\Dalhousie\ASD (5308)\Assignment 1\camel-language-server\src\main\java\com\github\cameltooling\lsp\internal\catalog\diagnostic\UnknownComponentErrorMsg.java
camel-language-server,com.github.cameltooling.lsp.internal.catalog.diagnostic,UnknownErrorMsg,Unutilized Abstraction,The tool detected the smell in this class because this class is potentially unused. (Please ignore the smell if the reported class is auto-generated and/or used to serve a specific known purpose.),C:\Dalhousie\ASD (5308)\Assignment 1\camel-language-server\src\main\java\com\github\cameltooling\lsp\internal\catalog\diagnostic\UnknownErrorMsg.java
camel-language-server,com.github.cameltooling.lsp.internal.catalog.model,ApiOptionModel,Deficient Encapsulation,The tool detected the smell in this class because the class exposes fields belonging to it with public accessibility. Following fields are declared with public accessiblity: API_METHOD_KIND_UPDATER; API_METHOD_KIND_READER; API_METHOD_KIND_FETCHER; API_METHOD_KIND_DELETER; API_METHOD_KIND_CREATOR; name; consumerOnly; producerOnly; aliases; apiOptionsMethodsModel,C:\Dalhousie\ASD (5308)\Assignment 1\camel-language-server\src\main\java\com\github\cameltooling\lsp\internal\catalog\model\ApiOptionModel.java
camel-language-server,com.github.cameltooling.lsp.internal.catalog.model,BaseOptionModel,Insufficient Modularization,The tool detected the smell in this class becuase the class has bloated interface (large number of public methods). Total public methods in the class: 22 public methods,C:\Dalhousie\ASD (5308)\Assignment 1\camel-language-server\src\main\java\com\github\cameltooling\lsp\internal\catalog\model\BaseOptionModel.java
camel-language-server,com.github.cameltooling.lsp.internal.catalog.model,ComponentModel,Insufficient Modularization,The tool detected the smell in this class becuase the class has bloated interface (large number of public methods). Total public methods in the class: 40 public methods,C:\Dalhousie\ASD (5308)\Assignment 1\camel-language-server\src\main\java\com\github\cameltooling\lsp\internal\catalog\model\ComponentModel.java
camel-language-server,com.github.cameltooling.lsp.internal.catalog.model,ComponentOptionModel,Unnecessary Abstraction,The tool detected the smell in this class because the class contains only a few data members without any method implementation that indicates that the abstraction might not be required. Following fields are declared in this class: ,C:\Dalhousie\ASD (5308)\Assignment 1\camel-language-server\src\main\java\com\github\cameltooling\lsp\internal\catalog\model\ComponentOptionModel.java
camel-language-server,com.github.cameltooling.lsp.internal.catalog.model,EndpointOptionModel,Broken Hierarchy,The tool detected a potential instance of the smell because this type does not implement or override any method from it's supertype(s): BaseOptionModel,C:\Dalhousie\ASD (5308)\Assignment 1\camel-language-server\src\main\java\com\github\cameltooling\lsp\internal\catalog\model\EndpointOptionModel.java
camel-language-server,com.github.cameltooling.lsp.internal.codeactions,CodeActionProcessor,Unutilized Abstraction,The tool detected the smell in this class because this class is potentially unused. (Please ignore the smell if the reported class is auto-generated and/or used to serve a specific known purpose.),C:\Dalhousie\ASD (5308)\Assignment 1\camel-language-server\src\main\java\com\github\cameltooling\lsp\internal\codeactions\CodeActionProcessor.java
camel-language-server,com.github.cameltooling.lsp.internal.codeactions,ConvertCamelKPropertyFileModelineRefactorAction,Deficient Encapsulation,The tool detected the smell in this class because the class exposes fields belonging to it with public accessibility. Following fields are declared with public accessiblity: CODE_ACTION_TITLE_CONVERT_PROPERTY_FILE; camelTextDocumentService,C:\Dalhousie\ASD (5308)\Assignment 1\camel-language-server\src\main\java\com\github\cameltooling\lsp\internal\codeactions\ConvertCamelKPropertyFileModelineRefactorAction.java
camel-language-server,com.github.cameltooling.lsp.internal.codeactions,InvalidEnumQuickfix,Unutilized Abstraction,The tool detected the smell in this class because this class is potentially unused. (Please ignore the smell if the reported class is auto-generated and/or used to serve a specific known purpose.),C:\Dalhousie\ASD (5308)\Assignment 1\camel-language-server\src\main\java\com\github\cameltooling\lsp\internal\codeactions\InvalidEnumQuickfix.java
camel-language-server,com.github.cameltooling.lsp.internal.codeactions,InvalidEnumQuickfix,Broken Hierarchy,The tool detected a potential instance of the smell because this type does not implement or override any method from it's supertype(s): AbstractQuickfix,C:\Dalhousie\ASD (5308)\Assignment 1\camel-language-server\src\main\java\com\github\cameltooling\lsp\internal\codeactions\InvalidEnumQuickfix.java
camel-language-server,com.github.cameltooling.lsp.internal.codeactions,UnknownPropertyQuickfix,Unutilized Abstraction,The tool detected the smell in this class because this class is potentially unused. (Please ignore the smell if the reported class is auto-generated and/or used to serve a specific known purpose.),C:\Dalhousie\ASD (5308)\Assignment 1\camel-language-server\src\main\java\com\github\cameltooling\lsp\internal\codeactions\UnknownPropertyQuickfix.java
camel-language-server,com.github.cameltooling.lsp.internal.codeactions,UnknownPropertyQuickfix,Broken Hierarchy,The tool detected a potential instance of the smell because this type does not implement or override any method from it's supertype(s): AbstractQuickfix,C:\Dalhousie\ASD (5308)\Assignment 1\camel-language-server\src\main\java\com\github\cameltooling\lsp\internal\codeactions\UnknownPropertyQuickfix.java
camel-language-server,com.github.cameltooling.lsp.internal.completion,CamelComponentIdsCompletionsFuture,Unutilized Abstraction,The tool detected the smell in this class because this class is potentially unused. (Please ignore the smell if the reported class is auto-generated and/or used to serve a specific known purpose.),C:\Dalhousie\ASD (5308)\Assignment 1\camel-language-server\src\main\java\com\github\cameltooling\lsp\internal\completion\CamelComponentIdsCompletionsFuture.java
camel-language-server,com.github.cameltooling.lsp.internal.completion,CamelComponentOptionNamesCompletionFuture,Unutilized Abstraction,The tool detected the smell in this class because this class is potentially unused. (Please ignore the smell if the reported class is auto-generated and/or used to serve a specific known purpose.),C:\Dalhousie\ASD (5308)\Assignment 1\camel-language-server\src\main\java\com\github\cameltooling\lsp\internal\completion\CamelComponentOptionNamesCompletionFuture.java
camel-language-server,com.github.cameltooling.lsp.internal.completion,CamelComponentOptionValuesCompletionsFuture,Unutilized Abstraction,The tool detected the smell in this class because this class is potentially unused. (Please ignore the smell if the reported class is auto-generated and/or used to serve a specific known purpose.),C:\Dalhousie\ASD (5308)\Assignment 1\camel-language-server\src\main\java\com\github\cameltooling\lsp\internal\completion\CamelComponentOptionValuesCompletionsFuture.java
camel-language-server,com.github.cameltooling.lsp.internal.completion,CamelComponentSchemesCompletionsFuture,Unutilized Abstraction,The tool detected the smell in this class because this class is potentially unused. (Please ignore the smell if the reported class is auto-generated and/or used to serve a specific known purpose.),C:\Dalhousie\ASD (5308)\Assignment 1\camel-language-server\src\main\java\com\github\cameltooling\lsp\internal\completion\CamelComponentSchemesCompletionsFuture.java
camel-language-server,com.github.cameltooling.lsp.internal.completion,CamelEndpointCompletionProcessor,Deficient Encapsulation,The tool detected the smell in this class because the class exposes fields belonging to it with public accessibility. Following fields are declared with public accessiblity: ERROR_SEARCHING_FOR_CORRESPONDING_NODE_ELEMENTS; LOGGER; textDocumentItem; camelCatalog; kameletsCatalogManager,C:\Dalhousie\ASD (5308)\Assignment 1\camel-language-server\src\main\java\com\github\cameltooling\lsp\internal\completion\CamelEndpointCompletionProcessor.java
camel-language-server,com.github.cameltooling.lsp.internal.completion,CamelOptionNamesCompletionsFuture,Unutilized Abstraction,The tool detected the smell in this class because this class is potentially unused. (Please ignore the smell if the reported class is auto-generated and/or used to serve a specific known purpose.),C:\Dalhousie\ASD (5308)\Assignment 1\camel-language-server\src\main\java\com\github\cameltooling\lsp\internal\completion\CamelOptionNamesCompletionsFuture.java
camel-language-server,com.github.cameltooling.lsp.internal.completion,CamelOptionValuesCompletionsFuture,Unutilized Abstraction,The tool detected the smell in this class because this class is potentially unused. (Please ignore the smell if the reported class is auto-generated and/or used to serve a specific known purpose.),C:\Dalhousie\ASD (5308)\Assignment 1\camel-language-server\src\main\java\com\github\cameltooling\lsp\internal\completion\CamelOptionValuesCompletionsFuture.java
camel-language-server,com.github.cameltooling.lsp.internal.completion,CamelPropertiesCompletionProcessor,Unutilized Abstraction,The tool detected the smell in this class because this class is potentially unused. (Please ignore the smell if the reported class is auto-generated and/or used to serve a specific known purpose.),C:\Dalhousie\ASD (5308)\Assignment 1\camel-language-server\src\main\java\com\github\cameltooling\lsp\internal\completion\CamelPropertiesCompletionProcessor.java
camel-language-server,com.github.cameltooling.lsp.internal.completion,CompletionItemCreator,Unutilized Abstraction,The tool detected the smell in this class because this class is potentially unused. (Please ignore the smell if the reported class is auto-generated and/or used to serve a specific known purpose.),C:\Dalhousie\ASD (5308)\Assignment 1\camel-language-server\src\main\java\com\github\cameltooling\lsp\internal\completion\CompletionItemCreator.java
camel-language-server,com.github.cameltooling.lsp.internal.completion,CompletionResolverUtils,Cyclically-dependent Modularization,The tool detected the smell in this class because this class participates in a cyclic dependency. The participating classes in the cycle are: CamelComponentAndPathUriInstance; CamelURIInstance; CamelUriElementInstance; PathParamURIInstance; CompletionResolverUtils; ParserXMLFileHelper; ReferenceUtils; CamelComponentURIInstance,C:\Dalhousie\ASD (5308)\Assignment 1\camel-language-server\src\main\java\com\github\cameltooling\lsp\internal\completion\CompletionResolverUtils.java
camel-language-server,com.github.cameltooling.lsp.internal.completion,KameletTemplateIdCompletionProvider,Unutilized Abstraction,The tool detected the smell in this class because this class is potentially unused. (Please ignore the smell if the reported class is auto-generated and/or used to serve a specific known purpose.),C:\Dalhousie\ASD (5308)\Assignment 1\camel-language-server\src\main\java\com\github\cameltooling\lsp\internal\completion\KameletTemplateIdCompletionProvider.java
camel-language-server,com.github.cameltooling.lsp.internal.completion,PomCompletionProcessor,Unutilized Abstraction,The tool detected the smell in this class because this class is potentially unused. (Please ignore the smell if the reported class is auto-generated and/or used to serve a specific known purpose.),C:\Dalhousie\ASD (5308)\Assignment 1\camel-language-server\src\main\java\com\github\cameltooling\lsp\internal\completion\PomCompletionProcessor.java
camel-language-server,com.github.cameltooling.lsp.internal.completion,VSCodeTasksCompletionProcessor,Unutilized Abstraction,The tool detected the smell in this class because this class is potentially unused. (Please ignore the smell if the reported class is auto-generated and/or used to serve a specific known purpose.),C:\Dalhousie\ASD (5308)\Assignment 1\camel-language-server\src\main\java\com\github\cameltooling\lsp\internal\completion\VSCodeTasksCompletionProcessor.java
camel-language-server,com.github.cameltooling.lsp.internal.completion,CamelCompletionForApisTest,Deficient Encapsulation,The tool detected the smell in this class because the class exposes fields belonging to it with public accessibility. Following fields are declared with public accessiblity: COMPLETIONITEM_COMPARATOR; SIMPLIFIED_JSON,C:\Dalhousie\ASD (5308)\Assignment 1\camel-language-server\src\test\java\com\github\cameltooling\lsp\internal\completion\CamelCompletionForApisTest.java
camel-language-server,com.github.cameltooling.lsp.internal.completion,CamelEndpointOptionDuplicateTest,Unutilized Abstraction,The tool detected the smell in this class because this class is potentially unused. (Please ignore the smell if the reported class is auto-generated and/or used to serve a specific known purpose.),C:\Dalhousie\ASD (5308)\Assignment 1\camel-language-server\src\test\java\com\github\cameltooling\lsp\internal\completion\CamelEndpointOptionDuplicateTest.java
camel-language-server,com.github.cameltooling.lsp.internal.completion,CamelEndpointUriCompletionTest,Unutilized Abstraction,The tool detected the smell in this class because this class is potentially unused. (Please ignore the smell if the reported class is auto-generated and/or used to serve a specific known purpose.),C:\Dalhousie\ASD (5308)\Assignment 1\camel-language-server\src\test\java\com\github\cameltooling\lsp\internal\completion\CamelEndpointUriCompletionTest.java
camel-language-server,com.github.cameltooling.lsp.internal.completion,CamelLanguageServerCompletionPositionTest,Unutilized Abstraction,The tool detected the smell in this class because this class is potentially unused. (Please ignore the smell if the reported class is auto-generated and/or used to serve a specific known purpose.),C:\Dalhousie\ASD (5308)\Assignment 1\camel-language-server\src\test\java\com\github\cameltooling\lsp\internal\completion\CamelLanguageServerCompletionPositionTest.java
camel-language-server,com.github.cameltooling.lsp.internal.completion,CompleteIdOnDirectEndpointsTest.VMCompletionPre4X,Unnecessary Abstraction,The tool detected the smell in this class because the class contains only a few data members without any method implementation that indicates that the abstraction might not be required. Following fields are declared in this class: ,C:\Dalhousie\ASD (5308)\Assignment 1\camel-language-server\src\test\java\com\github\cameltooling\lsp\internal\completion\CompleteIdOnDirectEndpointsTest.java
camel-language-server,com.github.cameltooling.lsp.internal.completion,CompleteIdOnDirectEndpointsTest.VMCompletionPre4X,Unutilized Abstraction,The tool detected the smell in this class because this class is potentially unused. (Please ignore the smell if the reported class is auto-generated and/or used to serve a specific known purpose.),C:\Dalhousie\ASD (5308)\Assignment 1\camel-language-server\src\test\java\com\github\cameltooling\lsp\internal\completion\CompleteIdOnDirectEndpointsTest.java
camel-language-server,com.github.cameltooling.lsp.internal.completion.modeline,CamelKModelineCompletionprocessor,Unutilized Abstraction,The tool detected the smell in this class because this class is potentially unused. (Please ignore the smell if the reported class is auto-generated and/or used to serve a specific known purpose.),C:\Dalhousie\ASD (5308)\Assignment 1\camel-language-server\src\main\java\com\github\cameltooling\lsp\internal\completion\modeline\CamelKModelineCompletionprocessor.java
camel-language-server,com.github.cameltooling.lsp.internal.completion.modeline,CamelKModelineInsertionProcessor,Unutilized Abstraction,The tool detected the smell in this class because this class is potentially unused. (Please ignore the smell if the reported class is auto-generated and/or used to serve a specific known purpose.),C:\Dalhousie\ASD (5308)\Assignment 1\camel-language-server\src\main\java\com\github\cameltooling\lsp\internal\completion\modeline\CamelKModelineInsertionProcessor.java
camel-language-server,com.github.cameltooling.lsp.internal.completion.modeline,CamelKModelineOptionNames,Deficient Encapsulation,The tool detected the smell in this class because the class exposes fields belonging to it with public accessibility. Following fields are declared with public accessiblity: OPTION_NAMES_WITH_DESCRIPTION; COMPLETION_ITEMS; OPTION_NAME_TRAIT; OPTION_NAME_DEPENDENCY; OPTION_NAME_PROPERTY; OPTION_NAME_PROPERTY_FILE; OPTION_NAME_RESOURCE; OPTION_NAME_OPEN_API; OPTION_NAME_CONFIG; DESCRIPTION_SINCE_COMMUNITY_1_5_PROD_1_4,C:\Dalhousie\ASD (5308)\Assignment 1\camel-language-server\src\main\java\com\github\cameltooling\lsp\internal\completion\modeline\CamelKModelineOptionNames.java
camel-language-server,com.github.cameltooling.lsp.internal.completion.modeline,CamelKModelineInsertionTest,Unutilized Abstraction,The tool detected the smell in this class because this class is potentially unused. (Please ignore the smell if the reported class is auto-generated and/or used to serve a specific known purpose.),C:\Dalhousie\ASD (5308)\Assignment 1\camel-language-server\src\test\java\com\github\cameltooling\lsp\internal\completion\modeline\CamelKModelineInsertionTest.java
camel-language-server,com.github.cameltooling.lsp.internal.completion.modeline,CamelKModelineInsertionTest.EmptyFileTest,Unnecessary Abstraction,The tool detected the smell in this class because the class contains only a few data members without any method implementation that indicates that the abstraction might not be required. Following fields are declared in this class: ,C:\Dalhousie\ASD (5308)\Assignment 1\camel-language-server\src\test\java\com\github\cameltooling\lsp\internal\completion\modeline\CamelKModelineInsertionTest.java
camel-language-server,com.github.cameltooling.lsp.internal.completion.modeline,CamelKModelineInsertionTest.EmptyFileTest,Unutilized Abstraction,The tool detected the smell in this class because this class is potentially unused. (Please ignore the smell if the reported class is auto-generated and/or used to serve a specific known purpose.),C:\Dalhousie\ASD (5308)\Assignment 1\camel-language-server\src\test\java\com\github\cameltooling\lsp\internal\completion\modeline\CamelKModelineInsertionTest.java
camel-language-server,com.github.cameltooling.lsp.internal.completion.modeline,CamelKModelineInsertionTest.FileWithCommentsTest,Unnecessary Abstraction,The tool detected the smell in this class because the class contains only a few data members without any method implementation that indicates that the abstraction might not be required. Following fields are declared in this class: ,C:\Dalhousie\ASD (5308)\Assignment 1\camel-language-server\src\test\java\com\github\cameltooling\lsp\internal\completion\modeline\CamelKModelineInsertionTest.java
camel-language-server,com.github.cameltooling.lsp.internal.completion.modeline,CamelKModelineInsertionTest.FileWithCommentsTest,Unutilized Abstraction,The tool detected the smell in this class because this class is potentially unused. (Please ignore the smell if the reported class is auto-generated and/or used to serve a specific known purpose.),C:\Dalhousie\ASD (5308)\Assignment 1\camel-language-server\src\test\java\com\github\cameltooling\lsp\internal\completion\modeline\CamelKModelineInsertionTest.java
camel-language-server,com.github.cameltooling.lsp.internal.completion.modeline,CamelKModelineInsertionTest.XMLTest,Unnecessary Abstraction,The tool detected the smell in this class because the class contains only a few data members without any method implementation that indicates that the abstraction might not be required. Following fields are declared in this class: ,C:\Dalhousie\ASD (5308)\Assignment 1\camel-language-server\src\test\java\com\github\cameltooling\lsp\internal\completion\modeline\CamelKModelineInsertionTest.java
camel-language-server,com.github.cameltooling.lsp.internal.completion.modeline,CamelKModelineInsertionTest.XMLTest,Unutilized Abstraction,The tool detected the smell in this class because this class is potentially unused. (Please ignore the smell if the reported class is auto-generated and/or used to serve a specific known purpose.),C:\Dalhousie\ASD (5308)\Assignment 1\camel-language-server\src\test\java\com\github\cameltooling\lsp\internal\completion\modeline\CamelKModelineInsertionTest.java
camel-language-server,com.github.cameltooling.lsp.internal.completion.modeline,CamelKModelineInsertionTest.YAMLTest,Unnecessary Abstraction,The tool detected the smell in this class because the class contains only a few data members without any method implementation that indicates that the abstraction might not be required. Following fields are declared in this class: ,C:\Dalhousie\ASD (5308)\Assignment 1\camel-language-server\src\test\java\com\github\cameltooling\lsp\internal\completion\modeline\CamelKModelineInsertionTest.java
camel-language-server,com.github.cameltooling.lsp.internal.completion.modeline,CamelKModelineInsertionTest.YAMLTest,Unutilized Abstraction,The tool detected the smell in this class because this class is potentially unused. (Please ignore the smell if the reported class is auto-generated and/or used to serve a specific known purpose.),C:\Dalhousie\ASD (5308)\Assignment 1\camel-language-server\src\test\java\com\github\cameltooling\lsp\internal\completion\modeline\CamelKModelineInsertionTest.java
camel-language-server,com.github.cameltooling.lsp.internal.completion.modeline,CamelKModelineInsertionTest.JavaTest,Unnecessary Abstraction,The tool detected the smell in this class because the class contains only a few data members without any method implementation that indicates that the abstraction might not be required. Following fields are declared in this class: ,C:\Dalhousie\ASD (5308)\Assignment 1\camel-language-server\src\test\java\com\github\cameltooling\lsp\internal\completion\modeline\CamelKModelineInsertionTest.java
camel-language-server,com.github.cameltooling.lsp.internal.completion.modeline,CamelKModelineInsertionTest.JavaTest,Unutilized Abstraction,The tool detected the smell in this class because this class is potentially unused. (Please ignore the smell if the reported class is auto-generated and/or used to serve a specific known purpose.),C:\Dalhousie\ASD (5308)\Assignment 1\camel-language-server\src\test\java\com\github\cameltooling\lsp\internal\completion\modeline\CamelKModelineInsertionTest.java
camel-language-server,com.github.cameltooling.lsp.internal.completion.modeline,CamelKModelineInsertionTest.ModelineAlreadyPresentTest,Unnecessary Abstraction,The tool detected the smell in this class because the class contains only a few data members without any method implementation that indicates that the abstraction might not be required. Following fields are declared in this class: ,C:\Dalhousie\ASD (5308)\Assignment 1\camel-language-server\src\test\java\com\github\cameltooling\lsp\internal\completion\modeline\CamelKModelineInsertionTest.java
camel-language-server,com.github.cameltooling.lsp.internal.completion.modeline,CamelKModelineInsertionTest.ModelineAlreadyPresentTest,Unutilized Abstraction,The tool detected the smell in this class because this class is potentially unused. (Please ignore the smell if the reported class is auto-generated and/or used to serve a specific known purpose.),C:\Dalhousie\ASD (5308)\Assignment 1\camel-language-server\src\test\java\com\github\cameltooling\lsp\internal\completion\modeline\CamelKModelineInsertionTest.java
camel-language-server,com.github.cameltooling.lsp.internal.completion.modeline,CamelKModelineInsertionTest.MidFilePositionTest,Unnecessary Abstraction,The tool detected the smell in this class because the class contains only a few data members without any method implementation that indicates that the abstraction might not be required. Following fields are declared in this class: ,C:\Dalhousie\ASD (5308)\Assignment 1\camel-language-server\src\test\java\com\github\cameltooling\lsp\internal\completion\modeline\CamelKModelineInsertionTest.java
camel-language-server,com.github.cameltooling.lsp.internal.completion.modeline,CamelKModelineInsertionTest.MidFilePositionTest,Unutilized Abstraction,The tool detected the smell in this class because this class is potentially unused. (Please ignore the smell if the reported class is auto-generated and/or used to serve a specific known purpose.),C:\Dalhousie\ASD (5308)\Assignment 1\camel-language-server\src\test\java\com\github\cameltooling\lsp\internal\completion\modeline\CamelKModelineInsertionTest.java
camel-language-server,com.github.cameltooling.lsp.internal.completion.modeline,CamelKModelineInsertionTest.FileType,Unnecessary Abstraction,The tool detected the smell in this class because the class contains only a few data members without any method implementation that indicates that the abstraction might not be required. Following fields are declared in this class: extension; completion,C:\Dalhousie\ASD (5308)\Assignment 1\camel-language-server\src\test\java\com\github\cameltooling\lsp\internal\completion\modeline\CamelKModelineInsertionTest.java
camel-language-server,com.github.cameltooling.lsp.internal.completion.modeline,CamelKModelineInsertionTest.FileType,Unutilized Abstraction,The tool detected the smell in this class because this class is potentially unused. (Please ignore the smell if the reported class is auto-generated and/or used to serve a specific known purpose.),C:\Dalhousie\ASD (5308)\Assignment 1\camel-language-server\src\test\java\com\github\cameltooling\lsp\internal\completion\modeline\CamelKModelineInsertionTest.java
camel-language-server,com.github.cameltooling.lsp.internal.completion.traits,CamelKTraitManager,Cyclically-dependent Modularization,The tool detected the smell in this class because this class participates in a cyclic dependency. The participating classes in the cycle are: CamelKTraitManager; CamelKModelineTraitDefinition; CamelKModelineTraitOption; CamelKModelineTraitDefinitionProperty,C:\Dalhousie\ASD (5308)\Assignment 1\camel-language-server\src\main\java\com\github\cameltooling\lsp\internal\completion\traits\CamelKTraitManager.java
camel-language-server,com.github.cameltooling.lsp.internal.completion.traits,TraitDefinition,Unutilized Abstraction,The tool detected the smell in this class because this class is potentially unused. (Please ignore the smell if the reported class is auto-generated and/or used to serve a specific known purpose.),C:\Dalhousie\ASD (5308)\Assignment 1\camel-language-server\src\main\java\com\github\cameltooling\lsp\internal\completion\traits\TraitDefinition.java
camel-language-server,com.github.cameltooling.lsp.internal.completion.traits,TraitProperty,Unutilized Abstraction,The tool detected the smell in this class because this class is potentially unused. (Please ignore the smell if the reported class is auto-generated and/or used to serve a specific known purpose.),C:\Dalhousie\ASD (5308)\Assignment 1\camel-language-server\src\main\java\com\github\cameltooling\lsp\internal\completion\traits\TraitProperty.java
camel-language-server,com.github.cameltooling.lsp.internal.definition,DefinitionProcessor,Unutilized Abstraction,The tool detected the smell in this class because this class is potentially unused. (Please ignore the smell if the reported class is auto-generated and/or used to serve a specific known purpose.),C:\Dalhousie\ASD (5308)\Assignment 1\camel-language-server\src\main\java\com\github\cameltooling\lsp\internal\definition\DefinitionProcessor.java
camel-language-server,com.github.cameltooling.lsp.internal.diagnostic,CamelKModelineDiagnosticService,Broken Hierarchy,The tool detected a potential instance of the smell because this type does not implement or override any method from it's supertype(s): DiagnosticService,C:\Dalhousie\ASD (5308)\Assignment 1\camel-language-server\src\main\java\com\github\cameltooling\lsp\internal\diagnostic\CamelKModelineDiagnosticService.java
camel-language-server,com.github.cameltooling.lsp.internal.diagnostic,ConfigurationPropertiesDiagnosticService,Broken Hierarchy,The tool detected a potential instance of the smell because this type does not implement or override any method from it's supertype(s): DiagnosticService,C:\Dalhousie\ASD (5308)\Assignment 1\camel-language-server\src\main\java\com\github\cameltooling\lsp\internal\diagnostic\ConfigurationPropertiesDiagnosticService.java
camel-language-server,com.github.cameltooling.lsp.internal.diagnostic,ConnectedModeDiagnosticService,Broken Hierarchy,The tool detected a potential instance of the smell because this type does not implement or override any method from it's supertype(s): DiagnosticService,C:\Dalhousie\ASD (5308)\Assignment 1\camel-language-server\src\main\java\com\github\cameltooling\lsp\internal\diagnostic\ConnectedModeDiagnosticService.java
camel-language-server,com.github.cameltooling.lsp.internal.diagnostic,DiagnosticRunner,Unutilized Abstraction,The tool detected the smell in this class because this class is potentially unused. (Please ignore the smell if the reported class is auto-generated and/or used to serve a specific known purpose.),C:\Dalhousie\ASD (5308)\Assignment 1\camel-language-server\src\main\java\com\github\cameltooling\lsp\internal\diagnostic\DiagnosticRunner.java
camel-language-server,com.github.cameltooling.lsp.internal.diagnostic,DiagnosticService,Deficient Encapsulation,The tool detected the smell in this class because the class exposes fields belonging to it with public accessibility. Following fields are declared with public accessiblity: APACHE_CAMEL_VALIDATION; LOGGER; ERROR_CODE_UNKNOWN_PROPERTIES; ERROR_CODE_INVALID_ENUM; camelCatalog,C:\Dalhousie\ASD (5308)\Assignment 1\camel-language-server\src\main\java\com\github\cameltooling\lsp\internal\diagnostic\DiagnosticService.java
camel-language-server,com.github.cameltooling.lsp.internal.diagnostic,EndpointDiagnosticService,Broken Hierarchy,The tool detected a potential instance of the smell because this type does not implement or override any method from it's supertype(s): DiagnosticService,C:\Dalhousie\ASD (5308)\Assignment 1\camel-language-server\src\main\java\com\github\cameltooling\lsp\internal\diagnostic\EndpointDiagnosticService.java
camel-language-server,com.github.cameltooling.lsp.internal.diagnostic,CamelKModelineDiagnosticTest,Broken Hierarchy,The tool detected a potential instance of the smell because this type does not implement or override any method from it's supertype(s): AbstractDiagnosticTest,C:\Dalhousie\ASD (5308)\Assignment 1\camel-language-server\src\test\java\com\github\cameltooling\lsp\internal\diagnostic\CamelKModelineDiagnosticTest.java
camel-language-server,com.github.cameltooling.lsp.internal.documentsymbol,DocumentSymbolJavaProcessor,Unutilized Abstraction,The tool detected the smell in this class because this class is potentially unused. (Please ignore the smell if the reported class is auto-generated and/or used to serve a specific known purpose.),C:\Dalhousie\ASD (5308)\Assignment 1\camel-language-server\src\main\java\com\github\cameltooling\lsp\internal\documentsymbol\DocumentSymbolJavaProcessor.java
camel-language-server,com.github.cameltooling.lsp.internal.documentsymbol,DocumentSymbolJavaProcessor,Broken Hierarchy,The tool detected a potential instance of the smell because this type does not implement or override any method from it's supertype(s): AbstractDocumentSymbolProcessor,C:\Dalhousie\ASD (5308)\Assignment 1\camel-language-server\src\main\java\com\github\cameltooling\lsp\internal\documentsymbol\DocumentSymbolJavaProcessor.java
camel-language-server,com.github.cameltooling.lsp.internal.documentsymbol,DocumentSymbolProcessor,Unutilized Abstraction,The tool detected the smell in this class because this class is potentially unused. (Please ignore the smell if the reported class is auto-generated and/or used to serve a specific known purpose.),C:\Dalhousie\ASD (5308)\Assignment 1\camel-language-server\src\main\java\com\github\cameltooling\lsp\internal\documentsymbol\DocumentSymbolProcessor.java
camel-language-server,com.github.cameltooling.lsp.internal.documentsymbol,DocumentSymbolXMLProcessor,Unutilized Abstraction,The tool detected the smell in this class because this class is potentially unused. (Please ignore the smell if the reported class is auto-generated and/or used to serve a specific known purpose.),C:\Dalhousie\ASD (5308)\Assignment 1\camel-language-server\src\main\java\com\github\cameltooling\lsp\internal\documentsymbol\DocumentSymbolXMLProcessor.java
camel-language-server,com.github.cameltooling.lsp.internal.documentsymbol,DocumentSymbolXMLProcessor,Broken Hierarchy,The tool detected a potential instance of the smell because this type does not implement or override any method from it's supertype(s): AbstractDocumentSymbolProcessor,C:\Dalhousie\ASD (5308)\Assignment 1\camel-language-server\src\main\java\com\github\cameltooling\lsp\internal\documentsymbol\DocumentSymbolXMLProcessor.java
camel-language-server,com.github.cameltooling.lsp.internal.folding,FoldingRangeProcessor,Unutilized Abstraction,The tool detected the smell in this class because this class is potentially unused. (Please ignore the smell if the reported class is auto-generated and/or used to serve a specific known purpose.),C:\Dalhousie\ASD (5308)\Assignment 1\camel-language-server\src\main\java\com\github\cameltooling\lsp\internal\folding\FoldingRangeProcessor.java
camel-language-server,com.github.cameltooling.lsp.internal.hover,CamelKModelineHoverProcessor,Unutilized Abstraction,The tool detected the smell in this class because this class is potentially unused. (Please ignore the smell if the reported class is auto-generated and/or used to serve a specific known purpose.),C:\Dalhousie\ASD (5308)\Assignment 1\camel-language-server\src\main\java\com\github\cameltooling\lsp\internal\hover\CamelKModelineHoverProcessor.java
camel-language-server,com.github.cameltooling.lsp.internal.hover,CamelPropertiesFileHoverProcessor,Unutilized Abstraction,The tool detected the smell in this class because this class is potentially unused. (Please ignore the smell if the reported class is auto-generated and/or used to serve a specific known purpose.),C:\Dalhousie\ASD (5308)\Assignment 1\camel-language-server\src\main\java\com\github\cameltooling\lsp\internal\hover\CamelPropertiesFileHoverProcessor.java
camel-language-server,com.github.cameltooling.lsp.internal.hover,CamelURIHoverFuture,Unutilized Abstraction,The tool detected the smell in this class because this class is potentially unused. (Please ignore the smell if the reported class is auto-generated and/or used to serve a specific known purpose.),C:\Dalhousie\ASD (5308)\Assignment 1\camel-language-server\src\main\java\com\github\cameltooling\lsp\internal\hover\CamelURIHoverFuture.java
camel-language-server,com.github.cameltooling.lsp.internal.hover,CamelURIHoverProcessor,Unutilized Abstraction,The tool detected the smell in this class because this class is potentially unused. (Please ignore the smell if the reported class is auto-generated and/or used to serve a specific known purpose.),C:\Dalhousie\ASD (5308)\Assignment 1\camel-language-server\src\main\java\com\github\cameltooling\lsp\internal\hover\CamelURIHoverProcessor.java
camel-language-server,com.github.cameltooling.lsp.internal.hover,KameletHoverTest,Unutilized Abstraction,The tool detected the smell in this class because this class is potentially unused. (Please ignore the smell if the reported class is auto-generated and/or used to serve a specific known purpose.),C:\Dalhousie\ASD (5308)\Assignment 1\camel-language-server\src\test\java\com\github\cameltooling\lsp\internal\hover\KameletHoverTest.java
camel-language-server,com.github.cameltooling.lsp.internal.instancemodel,CamelComponentAndPathUriInstance,Cyclically-dependent Modularization,The tool detected the smell in this class because this class participates in a cyclic dependency. The participating classes in the cycle are: CamelComponentAndPathUriInstance; CamelURIInstance; CamelUriElementInstance; PathParamURIInstance; CompletionResolverUtils; ParserXMLFileHelper; ReferenceUtils; CamelComponentURIInstance,C:\Dalhousie\ASD (5308)\Assignment 1\camel-language-server\src\main\java\com\github\cameltooling\lsp\internal\instancemodel\CamelComponentAndPathUriInstance.java
camel-language-server,com.github.cameltooling.lsp.internal.instancemodel,CamelUriElementInstance,Cyclic Hierarchy,The tool detected the smell in this class because the class depends on one of its subclasses (creating cycle in the hierarchy). The class is dependent on the following subclass: CamelURIInstance,C:\Dalhousie\ASD (5308)\Assignment 1\camel-language-server\src\main\java\com\github\cameltooling\lsp\internal\instancemodel\CamelUriElementInstance.java
camel-language-server,com.github.cameltooling.lsp.internal.instancemodel,ComponentNameConstants,Deficient Encapsulation,The tool detected the smell in this class because the class exposes fields belonging to it with public accessibility. Following fields are declared with public accessiblity: COMPONENT_NAME_KAMELET; COMPONENT_NAME_KNATIVE; COMPONENT_NAME_TWITTER_SEARCH,C:\Dalhousie\ASD (5308)\Assignment 1\camel-language-server\src\main\java\com\github\cameltooling\lsp\internal\instancemodel\ComponentNameConstants.java
camel-language-server,com.github.cameltooling.lsp.internal.instancemodel,ILineRangeDefineable,Wide Hierarchy,The tool detected the smell in this class because the number of children for the class is large. This class has following sub-classes: CamelUriElementInstance; CamelComponentNamePropertyInstance; CamelComponentParameterPropertyInstance; CamelComponentPropertyKey; CamelGroupPropertyKey; CamelPropertyEntryInstance; CamelPropertyKeyInstance; CamelPropertyValueInstance; CamelKModeline; CamelKModelineOption; ICamelKModelineOptionValue,C:\Dalhousie\ASD (5308)\Assignment 1\camel-language-server\src\main\java\com\github\cameltooling\lsp\internal\instancemodel\ILineRangeDefineable.java
camel-language-server,com.github.cameltooling.lsp.internal.instancemodel,KnativeCompletionProvider,Unutilized Abstraction,The tool detected the smell in this class because this class is potentially unused. (Please ignore the smell if the reported class is auto-generated and/or used to serve a specific known purpose.),C:\Dalhousie\ASD (5308)\Assignment 1\camel-language-server\src\main\java\com\github\cameltooling\lsp\internal\instancemodel\KnativeCompletionProvider.java
camel-language-server,com.github.cameltooling.lsp.internal.instancemodel,OptionParamKeyURIInstance,Cyclically-dependent Modularization,The tool detected the smell in this class because this class participates in a cyclic dependency. The participating classes in the cycle are: OptionParamURIInstance; OptionParamKeyURIInstance; OptionParamValueURIInstance,C:\Dalhousie\ASD (5308)\Assignment 1\camel-language-server\src\main\java\com\github\cameltooling\lsp\internal\instancemodel\OptionParamKeyURIInstance.java
camel-language-server,com.github.cameltooling.lsp.internal.instancemodel,OptionParamURIInstance,Deficient Encapsulation,The tool detected the smell in this class because the class exposes fields belonging to it with public accessibility. Following fields are declared with public accessiblity: INVALID_URI_OPTION; key; value; camelURIInstance,C:\Dalhousie\ASD (5308)\Assignment 1\camel-language-server\src\main\java\com\github\cameltooling\lsp\internal\instancemodel\OptionParamURIInstance.java
camel-language-server,com.github.cameltooling.lsp.internal.instancemodel,PropertiesDSLModelHelper,Unutilized Abstraction,The tool detected the smell in this class because this class is potentially unused. (Please ignore the smell if the reported class is auto-generated and/or used to serve a specific known purpose.),C:\Dalhousie\ASD (5308)\Assignment 1\camel-language-server\src\main\java\com\github\cameltooling\lsp\internal\instancemodel\PropertiesDSLModelHelper.java
camel-language-server,com.github.cameltooling.lsp.internal.instancemodel,YamlDSLModelHelper,Unutilized Abstraction,The tool detected the smell in this class because this class is potentially unused. (Please ignore the smell if the reported class is auto-generated and/or used to serve a specific known purpose.),C:\Dalhousie\ASD (5308)\Assignment 1\camel-language-server\src\main\java\com\github\cameltooling\lsp\internal\instancemodel\YamlDSLModelHelper.java
camel-language-server,com.github.cameltooling.lsp.internal.instancemodel.propertiesfile,CamelComponentNamePropertyInstance,Cyclically-dependent Modularization,The tool detected the smell in this class because this class participates in a cyclic dependency. The participating classes in the cycle are: CamelGroupPropertyKey; CamelPropertyKeyInstance; CamelComponentPropertyKey; CamelComponentNamePropertyInstance; CamelComponentParameterPropertyInstance; CamelPropertyValueInstance; CamelPropertyEntryInstance,C:\Dalhousie\ASD (5308)\Assignment 1\camel-language-server\src\main\java\com\github\cameltooling\lsp\internal\instancemodel\propertiesfile\CamelComponentNamePropertyInstance.java
camel-language-server,com.github.cameltooling.lsp.internal.instancemodel.propertiesfile,DashedCaseDetector,Unutilized Abstraction,The tool detected the smell in this class because this class is potentially unused. (Please ignore the smell if the reported class is auto-generated and/or used to serve a specific known purpose.),C:\Dalhousie\ASD (5308)\Assignment 1\camel-language-server\src\main\java\com\github\cameltooling\lsp\internal\instancemodel\propertiesfile\DashedCaseDetector.java
camel-language-server,com.github.cameltooling.lsp.internal.modelinemodel,CamelKModelineConfigOption,Unutilized Abstraction,The tool detected the smell in this class because this class is potentially unused. (Please ignore the smell if the reported class is auto-generated and/or used to serve a specific known purpose.),C:\Dalhousie\ASD (5308)\Assignment 1\camel-language-server\src\main\java\com\github\cameltooling\lsp\internal\modelinemodel\CamelKModelineConfigOption.java
camel-language-server,com.github.cameltooling.lsp.internal.modelinemodel,CamelKModelineDependencyOption,Unutilized Abstraction,The tool detected the smell in this class because this class is potentially unused. (Please ignore the smell if the reported class is auto-generated and/or used to serve a specific known purpose.),C:\Dalhousie\ASD (5308)\Assignment 1\camel-language-server\src\main\java\com\github\cameltooling\lsp\internal\modelinemodel\CamelKModelineDependencyOption.java
camel-language-server,com.github.cameltooling.lsp.internal.modelinemodel,CamelKModelineOpenAPIOption,Unutilized Abstraction,The tool detected the smell in this class because this class is potentially unused. (Please ignore the smell if the reported class is auto-generated and/or used to serve a specific known purpose.),C:\Dalhousie\ASD (5308)\Assignment 1\camel-language-server\src\main\java\com\github\cameltooling\lsp\internal\modelinemodel\CamelKModelineOpenAPIOption.java
camel-language-server,com.github.cameltooling.lsp.internal.modelinemodel,CamelKModelineOpenAPIOption,Broken Hierarchy,The tool detected a potential instance of the smell because this type does not implement or override any method from it's supertype(s): CamelKModelineLocalResourceRelatedOption,C:\Dalhousie\ASD (5308)\Assignment 1\camel-language-server\src\main\java\com\github\cameltooling\lsp\internal\modelinemodel\CamelKModelineOpenAPIOption.java
camel-language-server,com.github.cameltooling.lsp.internal.modelinemodel,CamelKModelinePropertyDashFileOption,Unutilized Abstraction,The tool detected the smell in this class because this class is potentially unused. (Please ignore the smell if the reported class is auto-generated and/or used to serve a specific known purpose.),C:\Dalhousie\ASD (5308)\Assignment 1\camel-language-server\src\main\java\com\github\cameltooling\lsp\internal\modelinemodel\CamelKModelinePropertyDashFileOption.java
camel-language-server,com.github.cameltooling.lsp.internal.modelinemodel,CamelKModelinePropertyDashFileOption,Broken Hierarchy,The tool detected a potential instance of the smell because this type does not implement or override any method from it's supertype(s): CamelKModelineLocalResourceRelatedOption,C:\Dalhousie\ASD (5308)\Assignment 1\camel-language-server\src\main\java\com\github\cameltooling\lsp\internal\modelinemodel\CamelKModelinePropertyDashFileOption.java
camel-language-server,com.github.cameltooling.lsp.internal.modelinemodel,CamelKModelinePropertyFileOption,Broken Hierarchy,The tool detected a potential instance of the smell because this type does not implement or override any method from it's supertype(s): CamelKModelineLocalResourceRelatedOption,C:\Dalhousie\ASD (5308)\Assignment 1\camel-language-server\src\main\java\com\github\cameltooling\lsp\internal\modelinemodel\CamelKModelinePropertyFileOption.java
camel-language-server,com.github.cameltooling.lsp.internal.modelinemodel,CamelKModelinePropertyOption,Unutilized Abstraction,The tool detected the smell in this class because this class is potentially unused. (Please ignore the smell if the reported class is auto-generated and/or used to serve a specific known purpose.),C:\Dalhousie\ASD (5308)\Assignment 1\camel-language-server\src\main\java\com\github\cameltooling\lsp\internal\modelinemodel\CamelKModelinePropertyOption.java
camel-language-server,com.github.cameltooling.lsp.internal.modelinemodel,CamelKModelineResourceFileOption,Broken Hierarchy,The tool detected a potential instance of the smell because this type does not implement or override any method from it's supertype(s): CamelKModelineLocalResourceRelatedOption,C:\Dalhousie\ASD (5308)\Assignment 1\camel-language-server\src\main\java\com\github\cameltooling\lsp\internal\modelinemodel\CamelKModelineResourceFileOption.java
camel-language-server,com.github.cameltooling.lsp.internal.modelinemodel,CamelKModelineResourceOption,Unutilized Abstraction,The tool detected the smell in this class because this class is potentially unused. (Please ignore the smell if the reported class is auto-generated and/or used to serve a specific known purpose.),C:\Dalhousie\ASD (5308)\Assignment 1\camel-language-server\src\main\java\com\github\cameltooling\lsp\internal\modelinemodel\CamelKModelineResourceOption.java
camel-language-server,com.github.cameltooling.lsp.internal.modelinemodel,CamelKModelineTraitDefinition,Cyclically-dependent Modularization,The tool detected the smell in this class because this class participates in a cyclic dependency. The participating classes in the cycle are: CamelKTraitManager; CamelKModelineTraitDefinition; CamelKModelineTraitOption; CamelKModelineTraitDefinitionProperty,C:\Dalhousie\ASD (5308)\Assignment 1\camel-language-server\src\main\java\com\github\cameltooling\lsp\internal\modelinemodel\CamelKModelineTraitDefinition.java
camel-language-server,com.github.cameltooling.lsp.internal.modelinemodel,GenericCamelKModelineOptionValue,Unutilized Abstraction,The tool detected the smell in this class because this class is potentially unused. (Please ignore the smell if the reported class is auto-generated and/or used to serve a specific known purpose.),C:\Dalhousie\ASD (5308)\Assignment 1\camel-language-server\src\main\java\com\github\cameltooling\lsp\internal\modelinemodel\GenericCamelKModelineOptionValue.java
camel-language-server,com.github.cameltooling.lsp.internal.modelinemodel,ICamelKModelineOptionValue,Broken Hierarchy,The tool detected a potential instance of the smell because this type does not implement or override any method from it's supertype(s): ILineRangeDefineable,C:\Dalhousie\ASD (5308)\Assignment 1\camel-language-server\src\main\java\com\github\cameltooling\lsp\internal\modelinemodel\ICamelKModelineOptionValue.java
camel-language-server,com.github.cameltooling.lsp.internal.parser,CamelKModelineInsertionParser,Unutilized Abstraction,The tool detected the smell in this class because this class is potentially unused. (Please ignore the smell if the reported class is auto-generated and/or used to serve a specific known purpose.),C:\Dalhousie\ASD (5308)\Assignment 1\camel-language-server\src\main\java\com\github\cameltooling\lsp\internal\parser\CamelKModelineInsertionParser.java
camel-language-server,com.github.cameltooling.lsp.internal.parser,CamelKModelineParser,Deficient Encapsulation,The tool detected the smell in this class because the class exposes fields belonging to it with public accessibility. Following fields are declared with public accessiblity: MODELINE_LIKE_CAMEL_K; MODELINE_LIKE_CAMEL_K_YAML; MODELINE_LIKE_CAMEL_K_XML,C:\Dalhousie\ASD (5308)\Assignment 1\camel-language-server\src\main\java\com\github\cameltooling\lsp\internal\parser\CamelKModelineParser.java
camel-language-server,com.github.cameltooling.lsp.internal.parser,CamelYamlDSLParser,Deficient Encapsulation,The tool detected the smell in this class because the class exposes fields belonging to it with public accessibility. Following fields are declared with public accessiblity: URI_KEY; REST_KEY; FROM_KEY; TO_KEY,C:\Dalhousie\ASD (5308)\Assignment 1\camel-language-server\src\main\java\com\github\cameltooling\lsp\internal\parser\CamelYamlDSLParser.java
camel-language-server,com.github.cameltooling.lsp.internal.parser,NoopErrorHandler,Unutilized Abstraction,The tool detected the smell in this class because this class is potentially unused. (Please ignore the smell if the reported class is auto-generated and/or used to serve a specific known purpose.),C:\Dalhousie\ASD (5308)\Assignment 1\camel-language-server\src\main\java\com\github\cameltooling\lsp\internal\parser\NoopErrorHandler.java
camel-language-server,com.github.cameltooling.lsp.internal.parser,ParserFileHelperFactory,Cyclically-dependent Modularization,The tool detected the smell in this class because this class participates in a cyclic dependency. The participating classes in the cycle are: ParserFileHelperFactory; ParserChainOfResponsibility; Parser; XMLFileParser,C:\Dalhousie\ASD (5308)\Assignment 1\camel-language-server\src\main\java\com\github\cameltooling\lsp\internal\parser\ParserFileHelperFactory.java
camel-language-server,com.github.cameltooling.lsp.internal.parser,ParserXMLFileHelper,Cyclically-dependent Modularization,The tool detected the smell in this class because this class participates in a cyclic dependency. The participating classes in the cycle are: CamelComponentAndPathUriInstance; CamelURIInstance; CamelUriElementInstance; PathParamURIInstance; CompletionResolverUtils; ParserXMLFileHelper; ReferenceUtils; CamelComponentURIInstance,C:\Dalhousie\ASD (5308)\Assignment 1\camel-language-server\src\main\java\com\github\cameltooling\lsp\internal\parser\ParserXMLFileHelper.java
camel-language-server,com.github.cameltooling.lsp.internal.parser.fileparserhelper,CamelYamlDSLFileParser,Unutilized Abstraction,The tool detected the smell in this class because this class is potentially unused. (Please ignore the smell if the reported class is auto-generated and/or used to serve a specific known purpose.),C:\Dalhousie\ASD (5308)\Assignment 1\camel-language-server\src\main\java\com\github\cameltooling\lsp\internal\parser\fileparserhelper\CamelYamlDSLFileParser.java
camel-language-server,com.github.cameltooling.lsp.internal.parser.fileparserhelper,JavaFileParser,Unutilized Abstraction,The tool detected the smell in this class because this class is potentially unused. (Please ignore the smell if the reported class is auto-generated and/or used to serve a specific known purpose.),C:\Dalhousie\ASD (5308)\Assignment 1\camel-language-server\src\main\java\com\github\cameltooling\lsp\internal\parser\fileparserhelper\JavaFileParser.java
camel-language-server,com.github.cameltooling.lsp.internal.parser.fileparserhelper,Parser,Cyclically-dependent Modularization,The tool detected the smell in this class because this class participates in a cyclic dependency. The participating classes in the cycle are: ParserFileHelperFactory; ParserChainOfResponsibility; Parser; XMLFileParser,C:\Dalhousie\ASD (5308)\Assignment 1\camel-language-server\src\main\java\com\github\cameltooling\lsp\internal\parser\fileparserhelper\Parser.java
camel-language-server,com.github.cameltooling.lsp.internal.references,ReferencesProcessor,Unutilized Abstraction,The tool detected the smell in this class because this class is potentially unused. (Please ignore the smell if the reported class is auto-generated and/or used to serve a specific known purpose.),C:\Dalhousie\ASD (5308)\Assignment 1\camel-language-server\src\main\java\com\github\cameltooling\lsp\internal\references\ReferencesProcessor.java
camel-language-server,com.github.cameltooling.lsp.internal.settings,SettingsManager,Deficient Encapsulation,The tool detected the smell in this class because the class exposes fields belonging to it with public accessibility. Following fields are declared with public accessiblity: CAMEL_CATALOG_VERSION; TOP_LEVEL_SETTINGS_ID; EXTRA_COMPONENTS; CATALOG_RUNTIME_PROVIDER; KAKFA_CONNECTION_URL; textDocumentService; kafkaConnectionUrl; mardownSupport,C:\Dalhousie\ASD (5308)\Assignment 1\camel-language-server\src\main\java\com\github\cameltooling\lsp\internal\settings\SettingsManager.java
camel-language-server,com.github.cameltooling.lsp.internal.settings,SettingsManager,Cyclically-dependent Modularization,The tool detected the smell in this class because this class participates in a cyclic dependency. The participating classes in the cycle are: CamelLanguageServer; SettingsManager; CamelTextDocumentService,C:\Dalhousie\ASD (5308)\Assignment 1\camel-language-server\src\main\java\com\github\cameltooling\lsp\internal\settings\SettingsManager.java
camel-language-server,com.github.cameltooling.lsp.internal.telemetry,InitializationTelemetryInfo,Deficient Encapsulation,The tool detected the smell in this class because the class exposes fields belonging to it with public accessibility. Following fields are declared with public accessiblity: JVM_MEMORY_MAX; JVM_MEMORY_TOTAL; JVM_MEMORY_FREE; JVM_IS_NATIVE_IMAGE; JVM_RUNTIME; JVM_VERSION; JVM_NAME; SERVER_VERSION_NUMBER,C:\Dalhousie\ASD (5308)\Assignment 1\camel-language-server\src\main\java\com\github\cameltooling\lsp\internal\telemetry\InitializationTelemetryInfo.java
camel-language-server,com.github.cameltooling.lsp.internal.telemetry,JVM,Cyclically-dependent Modularization,The tool detected the smell in this class because this class participates in a cyclic dependency. The participating classes in the cycle are: OS; Platform; JVM,C:\Dalhousie\ASD (5308)\Assignment 1\camel-language-server\src\main\java\com\github\cameltooling\lsp\internal\telemetry\JVM.java
camel-language-server,com.github.cameltooling.lsp.internal.telemetry,TelemetryEvent,Deficient Encapsulation,The tool detected the smell in this class because the class exposes fields belonging to it with public accessibility. Following fields are declared with public accessiblity: name; properties,C:\Dalhousie\ASD (5308)\Assignment 1\camel-language-server\src\main\java\com\github\cameltooling\lsp\internal\telemetry\TelemetryEvent.java
camel-language-server,com.github.cameltooling.lsp.internal.telemetry,TelemetryLanguage,Unutilized Abstraction,The tool detected the smell in this class because this class is potentially unused. (Please ignore the smell if the reported class is auto-generated and/or used to serve a specific known purpose.),C:\Dalhousie\ASD (5308)\Assignment 1\camel-language-server\src\main\java\com\github\cameltooling\lsp\internal\telemetry\TelemetryLanguage.java
camel-language-server,com.github.cameltooling.lsp.internal.telemetry,TelemetryManager,Deficient Encapsulation,The tool detected the smell in this class because the class exposes fields belonging to it with public accessibility. Following fields are declared with public accessiblity: STARTUP_EVENT_NAME; OPENED_DOCUMENT; languageClient,C:\Dalhousie\ASD (5308)\Assignment 1\camel-language-server\src\main\java\com\github\cameltooling\lsp\internal\telemetry\TelemetryManager.java
camel-language-server,com.github.cameltooling.lsp.internal.websocket,CamelLSPWebSocketServerConfigProvider,Unutilized Abstraction,The tool detected the smell in this class because this class is potentially unused. (Please ignore the smell if the reported class is auto-generated and/or used to serve a specific known purpose.),C:\Dalhousie\ASD (5308)\Assignment 1\camel-language-server\src\main\java\com\github\cameltooling\lsp\internal\websocket\CamelLSPWebSocketServerConfigProvider.java
camel-language-server,com.github.cameltooling.lsp.internal.completion.camelapplicationproperties,CamelPropertiesEdgeCasesTest,Unutilized Abstraction,The tool detected the smell in this class because this class is potentially unused. (Please ignore the smell if the reported class is auto-generated and/or used to serve a specific known purpose.),C:\Dalhousie\ASD (5308)\Assignment 1\camel-language-server\src\test\java\com\github\cameltooling\lsp\internal\completion\camelapplicationproperties\CamelPropertiesEdgeCasesTest.java
camel-language-server,com.github.cameltooling.lsp.internal.util,RouteTextBuilder,Deficient Encapsulation,The tool detected the smell in this class because the class exposes fields belonging to it with public accessibility. Following fields are declared with public accessiblity: XML_PREFIX_FROM; XML_SUFFIX_FROM_SPRING; XML_SUFFIX_FROM_BLUEPRINT; XML_SUFFIX_FROM_XMLIO,C:\Dalhousie\ASD (5308)\Assignment 1\camel-language-server\src\test\java\com\github\cameltooling\lsp\internal\util\RouteTextBuilder.java
camel-language-server,com.github.cameltooling.lsp.internal.util,TestLoggerUtil,Unutilized Abstraction,The tool detected the smell in this class because this class is potentially unused. (Please ignore the smell if the reported class is auto-generated and/or used to serve a specific known purpose.),C:\Dalhousie\ASD (5308)\Assignment 1\camel-language-server\src\test\java\com\github\cameltooling\lsp\internal\util\TestLoggerUtil.java
camel-language-server,(default package),AnInterface,Unutilized Abstraction,The tool detected the smell in this class because this class is potentially unused. (Please ignore the smell if the reported class is auto-generated and/or used to serve a specific known purpose.),C:\Dalhousie\ASD (5308)\Assignment 1\camel-language-server\src\test\resources\workspace\AnInterface.java
camel-language-server,(default package),MyRouteBuilder,Unutilized Abstraction,The tool detected the smell in this class because this class is potentially unused. (Please ignore the smell if the reported class is auto-generated and/or used to serve a specific known purpose.),C:\Dalhousie\ASD (5308)\Assignment 1\camel-language-server\src\test\resources\workspace\camel.java
camel-language-server,(default package),AnInterface,Unutilized Abstraction,The tool detected the smell in this class because this class is potentially unused. (Please ignore the smell if the reported class is auto-generated and/or used to serve a specific known purpose.),C:\Dalhousie\ASD (5308)\Assignment 1\camel-language-server\src\test\resources\workspace\diagnostic\AnInterface.java
camel-language-server,(default package),MyRouteBuilder,Unutilized Abstraction,The tool detected the smell in this class because this class is potentially unused. (Please ignore the smell if the reported class is auto-generated and/or used to serve a specific known purpose.),C:\Dalhousie\ASD (5308)\Assignment 1\camel-language-server\src\test\resources\workspace\diagnostic\camel-with-endpoint-error.java
camel-language-server,(default package),MyRouteBuilder,Unutilized Abstraction,The tool detected the smell in this class because this class is potentially unused. (Please ignore the smell if the reported class is auto-generated and/or used to serve a specific known purpose.),C:\Dalhousie\ASD (5308)\Assignment 1\camel-language-server\src\test\resources\workspace\diagnostic\camel-with-kafka-endpoint.java
camel-language-server,(default package),MyRouteBuilder,Unutilized Abstraction,The tool detected the smell in this class because this class is potentially unused. (Please ignore the smell if the reported class is auto-generated and/or used to serve a specific known purpose.),C:\Dalhousie\ASD (5308)\Assignment 1\camel-language-server\src\test\resources\workspace\diagnostic\camel-with-knative-endpoint.java
camel-language-server,(default package),MyRouteBuilder,Unutilized Abstraction,The tool detected the smell in this class because this class is potentially unused. (Please ignore the smell if the reported class is auto-generated and/or used to serve a specific known purpose.),C:\Dalhousie\ASD (5308)\Assignment 1\camel-language-server\src\test\resources\workspace\diagnostic\camel-with-kubernetes-endpoint.java
camel-language-server,(default package),MyRouteBuilder,Unutilized Abstraction,The tool detected the smell in this class because this class is potentially unused. (Please ignore the smell if the reported class is auto-generated and/or used to serve a specific known purpose.),C:\Dalhousie\ASD (5308)\Assignment 1\camel-language-server\src\test\resources\workspace\diagnostic\camel-with-properties.java
camel-language-server,(default package),MyRouteBuilder,Unutilized Abstraction,The tool detected the smell in this class because this class is potentially unused. (Please ignore the smell if the reported class is auto-generated and/or used to serve a specific known purpose.),C:\Dalhousie\ASD (5308)\Assignment 1\camel-language-server\src\test\resources\workspace\diagnostic\camel.java
camel-language-server,(default package),MyRouteBuilder,Unutilized Abstraction,The tool detected the smell in this class because this class is potentially unused. (Please ignore the smell if the reported class is auto-generated and/or used to serve a specific known purpose.),C:\Dalhousie\ASD (5308)\Assignment 1\camel-language-server\src\test\resources\workspace\diagnostic\camelk-with-duplicated-traits-in-modeline-written-secondline.java
camel-language-server,(default package),MyRouteBuilder,Unutilized Abstraction,The tool detected the smell in this class because this class is potentially unused. (Please ignore the smell if the reported class is auto-generated and/or used to serve a specific known purpose.),C:\Dalhousie\ASD (5308)\Assignment 1\camel-language-server\src\test\resources\workspace\diagnostic\camelk-with-duplicated-traits-in-modeline.java
camel-language-server,(default package),LinearRoute,Unutilized Abstraction,The tool detected the smell in this class because this class is potentially unused. (Please ignore the smell if the reported class is auto-generated and/or used to serve a specific known purpose.),C:\Dalhousie\ASD (5308)\Assignment 1\camel-language-server\src\test\resources\workspace\LinearRoute.java
camel-language-server,(default package),My3LinearRoutes,Unutilized Abstraction,The tool detected the smell in this class because this class is potentially unused. (Please ignore the smell if the reported class is auto-generated and/or used to serve a specific known purpose.),C:\Dalhousie\ASD (5308)\Assignment 1\camel-language-server\src\test\resources\workspace\My3LinearRoutes.java
camel-language-server,(default package),My3RouteBuilder,Unutilized Abstraction,The tool detected the smell in this class because this class is potentially unused. (Please ignore the smell if the reported class is auto-generated and/or used to serve a specific known purpose.),C:\Dalhousie\ASD (5308)\Assignment 1\camel-language-server\src\test\resources\workspace\My3RoutesBuilder.java
camel-language-server,(default package),PartialRoute,Unutilized Abstraction,The tool detected the smell in this class because this class is potentially unused. (Please ignore the smell if the reported class is auto-generated and/or used to serve a specific known purpose.),C:\Dalhousie\ASD (5308)\Assignment 1\camel-language-server\src\test\resources\workspace\PartialRoute.java
camel-language-server,(default package),RoutesWithChoice,Unutilized Abstraction,The tool detected the smell in this class because this class is potentially unused. (Please ignore the smell if the reported class is auto-generated and/or used to serve a specific known purpose.),C:\Dalhousie\ASD (5308)\Assignment 1\camel-language-server\src\test\resources\workspace\RoutesWithChoice.java
camel-language-server,(default package),RouteWithChoice,Unutilized Abstraction,The tool detected the smell in this class because this class is potentially unused. (Please ignore the smell if the reported class is auto-generated and/or used to serve a specific known purpose.),C:\Dalhousie\ASD (5308)\Assignment 1\camel-language-server\src\test\resources\workspace\RouteWithChoice.java
camel-language-server,(default package),RouteWithChoiceAndEnd,Unutilized Abstraction,The tool detected the smell in this class because this class is potentially unused. (Please ignore the smell if the reported class is auto-generated and/or used to serve a specific known purpose.),C:\Dalhousie\ASD (5308)\Assignment 1\camel-language-server\src\test\resources\workspace\RouteWithChoiceAndEnd.java
camel-language-server,(default package),MyRouteBuilder,Unutilized Abstraction,The tool detected the smell in this class because this class is potentially unused. (Please ignore the smell if the reported class is auto-generated and/or used to serve a specific known purpose.),C:\Dalhousie\ASD (5308)\Assignment 1\camel-language-server\src\test\resources\workspace with space\MyRouteBuilder.java
camel-language-server,(default package),AnInterface,Unutilized Abstraction,The tool detected the smell in this class because this class is potentially unused. (Please ignore the smell if the reported class is auto-generated and/or used to serve a specific known purpose.),C:\Dalhousie\ASD (5308)\Assignment 1\camel-language-server\target\test-classes\workspace\AnInterface.java
camel-language-server,(default package),MyRouteBuilder,Unutilized Abstraction,The tool detected the smell in this class because this class is potentially unused. (Please ignore the smell if the reported class is auto-generated and/or used to serve a specific known purpose.),C:\Dalhousie\ASD (5308)\Assignment 1\camel-language-server\target\test-classes\workspace\camel.java
camel-language-server,(default package),AnInterface,Unutilized Abstraction,The tool detected the smell in this class because this class is potentially unused. (Please ignore the smell if the reported class is auto-generated and/or used to serve a specific known purpose.),C:\Dalhousie\ASD (5308)\Assignment 1\camel-language-server\target\test-classes\workspace\diagnostic\AnInterface.java
camel-language-server,(default package),MyRouteBuilder,Unutilized Abstraction,The tool detected the smell in this class because this class is potentially unused. (Please ignore the smell if the reported class is auto-generated and/or used to serve a specific known purpose.),C:\Dalhousie\ASD (5308)\Assignment 1\camel-language-server\target\test-classes\workspace\diagnostic\camel-with-endpoint-error.java
camel-language-server,(default package),MyRouteBuilder,Unutilized Abstraction,The tool detected the smell in this class because this class is potentially unused. (Please ignore the smell if the reported class is auto-generated and/or used to serve a specific known purpose.),C:\Dalhousie\ASD (5308)\Assignment 1\camel-language-server\target\test-classes\workspace\diagnostic\camel-with-kafka-endpoint.java
camel-language-server,(default package),MyRouteBuilder,Unutilized Abstraction,The tool detected the smell in this class because this class is potentially unused. (Please ignore the smell if the reported class is auto-generated and/or used to serve a specific known purpose.),C:\Dalhousie\ASD (5308)\Assignment 1\camel-language-server\target\test-classes\workspace\diagnostic\camel-with-knative-endpoint.java
camel-language-server,(default package),MyRouteBuilder,Unutilized Abstraction,The tool detected the smell in this class because this class is potentially unused. (Please ignore the smell if the reported class is auto-generated and/or used to serve a specific known purpose.),C:\Dalhousie\ASD (5308)\Assignment 1\camel-language-server\target\test-classes\workspace\diagnostic\camel-with-kubernetes-endpoint.java
camel-language-server,(default package),MyRouteBuilder,Unutilized Abstraction,The tool detected the smell in this class because this class is potentially unused. (Please ignore the smell if the reported class is auto-generated and/or used to serve a specific known purpose.),C:\Dalhousie\ASD (5308)\Assignment 1\camel-language-server\target\test-classes\workspace\diagnostic\camel-with-properties.java
camel-language-server,(default package),MyRouteBuilder,Unutilized Abstraction,The tool detected the smell in this class because this class is potentially unused. (Please ignore the smell if the reported class is auto-generated and/or used to serve a specific known purpose.),C:\Dalhousie\ASD (5308)\Assignment 1\camel-language-server\target\test-classes\workspace\diagnostic\camel.java
camel-language-server,(default package),MyRouteBuilder,Unutilized Abstraction,The tool detected the smell in this class because this class is potentially unused. (Please ignore the smell if the reported class is auto-generated and/or used to serve a specific known purpose.),C:\Dalhousie\ASD (5308)\Assignment 1\camel-language-server\target\test-classes\workspace\diagnostic\camelk-with-duplicated-traits-in-modeline-written-secondline.java
camel-language-server,(default package),MyRouteBuilder,Unutilized Abstraction,The tool detected the smell in this class because this class is potentially unused. (Please ignore the smell if the reported class is auto-generated and/or used to serve a specific known purpose.),C:\Dalhousie\ASD (5308)\Assignment 1\camel-language-server\target\test-classes\workspace\diagnostic\camelk-with-duplicated-traits-in-modeline.java
camel-language-server,(default package),LinearRoute,Unutilized Abstraction,The tool detected the smell in this class because this class is potentially unused. (Please ignore the smell if the reported class is auto-generated and/or used to serve a specific known purpose.),C:\Dalhousie\ASD (5308)\Assignment 1\camel-language-server\target\test-classes\workspace\LinearRoute.java
camel-language-server,(default package),My3LinearRoutes,Unutilized Abstraction,The tool detected the smell in this class because this class is potentially unused. (Please ignore the smell if the reported class is auto-generated and/or used to serve a specific known purpose.),C:\Dalhousie\ASD (5308)\Assignment 1\camel-language-server\target\test-classes\workspace\My3LinearRoutes.java
camel-language-server,(default package),My3RouteBuilder,Unutilized Abstraction,The tool detected the smell in this class because this class is potentially unused. (Please ignore the smell if the reported class is auto-generated and/or used to serve a specific known purpose.),C:\Dalhousie\ASD (5308)\Assignment 1\camel-language-server\target\test-classes\workspace\My3RoutesBuilder.java
camel-language-server,(default package),PartialRoute,Unutilized Abstraction,The tool detected the smell in this class because this class is potentially unused. (Please ignore the smell if the reported class is auto-generated and/or used to serve a specific known purpose.),C:\Dalhousie\ASD (5308)\Assignment 1\camel-language-server\target\test-classes\workspace\PartialRoute.java
camel-language-server,(default package),RoutesWithChoice,Unutilized Abstraction,The tool detected the smell in this class because this class is potentially unused. (Please ignore the smell if the reported class is auto-generated and/or used to serve a specific known purpose.),C:\Dalhousie\ASD (5308)\Assignment 1\camel-language-server\target\test-classes\workspace\RoutesWithChoice.java
camel-language-server,(default package),RouteWithChoice,Unutilized Abstraction,The tool detected the smell in this class because this class is potentially unused. (Please ignore the smell if the reported class is auto-generated and/or used to serve a specific known purpose.),C:\Dalhousie\ASD (5308)\Assignment 1\camel-language-server\target\test-classes\workspace\RouteWithChoice.java
camel-language-server,(default package),RouteWithChoiceAndEnd,Unutilized Abstraction,The tool detected the smell in this class because this class is potentially unused. (Please ignore the smell if the reported class is auto-generated and/or used to serve a specific known purpose.),C:\Dalhousie\ASD (5308)\Assignment 1\camel-language-server\target\test-classes\workspace\RouteWithChoiceAndEnd.java
camel-language-server,(default package),MyRouteBuilder,Unutilized Abstraction,The tool detected the smell in this class because this class is potentially unused. (Please ignore the smell if the reported class is auto-generated and/or used to serve a specific known purpose.),C:\Dalhousie\ASD (5308)\Assignment 1\camel-language-server\target\test-classes\workspace with space\MyRouteBuilder.java
