Project,Package,Class,Method,Smell,Description,File
camel-language-server,com.github.cameltooling.lsp.internal,CamelCatalogRuntimeProviderTest,testNoValueSpecifiedReturnsDefaultRuntimeProvider,Missing assertion,The tool detected the smell in this test method because the test doesn't have any assertion.,C:\Dalhousie\ASD (5308)\Assignment 1\camel-language-server\src\test\java\com\github\cameltooling\lsp\internal\CamelCatalogRuntimeProviderTest.java
camel-language-server,com.github.cameltooling.lsp.internal,CamelCatalogRuntimeProviderTest,testDefaultValueSpecifiedReturnsDefaultRuntimeProvider,Missing assertion,The tool detected the smell in this test method because the test doesn't have any assertion.,C:\Dalhousie\ASD (5308)\Assignment 1\camel-language-server\src\test\java\com\github\cameltooling\lsp\internal\CamelCatalogRuntimeProviderTest.java
camel-language-server,com.github.cameltooling.lsp.internal,CamelCatalogRuntimeProviderTest,testInvalidValueSpecifiedFallsBackToDefaultRuntimeProvider,Missing assertion,The tool detected the smell in this test method because the test doesn't have any assertion.,C:\Dalhousie\ASD (5308)\Assignment 1\camel-language-server\src\test\java\com\github\cameltooling\lsp\internal\CamelCatalogRuntimeProviderTest.java
camel-language-server,com.github.cameltooling.lsp.internal,CamelCatalogRuntimeProviderTest,testSpringBootValueSpecifiedReturnsSpringBootRuntimeProvider,Missing assertion,The tool detected the smell in this test method because the test doesn't have any assertion.,C:\Dalhousie\ASD (5308)\Assignment 1\camel-language-server\src\test\java\com\github\cameltooling\lsp\internal\CamelCatalogRuntimeProviderTest.java
camel-language-server,com.github.cameltooling.lsp.internal,CamelCatalogRuntimeProviderTest,testQuarkusValueSpecifiedReturnsQuarkusRuntimeProvider,Missing assertion,The tool detected the smell in this test method because the test doesn't have any assertion.,C:\Dalhousie\ASD (5308)\Assignment 1\camel-language-server\src\test\java\com\github\cameltooling\lsp\internal\CamelCatalogRuntimeProviderTest.java
camel-language-server,com.github.cameltooling.lsp.internal,CamelCatalogVersionTest,testCompletionWithAnotherCatalog2xVersionLoaded,Missing assertion,The tool detected the smell in this test method because the test doesn't have any assertion.,C:\Dalhousie\ASD (5308)\Assignment 1\camel-language-server\src\test\java\com\github\cameltooling\lsp\internal\CamelCatalogVersionTest.java
camel-language-server,com.github.cameltooling.lsp.internal,CamelCatalogVersionTest,testCompletionWithCatalog3xVersionLoaded,Missing assertion,The tool detected the smell in this test method because the test doesn't have any assertion.,C:\Dalhousie\ASD (5308)\Assignment 1\camel-language-server\src\test\java\com\github\cameltooling\lsp\internal\CamelCatalogVersionTest.java
camel-language-server,com.github.cameltooling.lsp.internal,CamelCatalogVersionTest,testCompletionFallbackWithInvalidVersion,Missing assertion,The tool detected the smell in this test method because the test doesn't have any assertion.,C:\Dalhousie\ASD (5308)\Assignment 1\camel-language-server\src\test\java\com\github\cameltooling\lsp\internal\CamelCatalogVersionTest.java
camel-language-server,com.github.cameltooling.lsp.internal,CamelCatalogVersionTest,testCompletionFallbackWithNullVersion,Missing assertion,The tool detected the smell in this test method because the test doesn't have any assertion.,C:\Dalhousie\ASD (5308)\Assignment 1\camel-language-server\src\test\java\com\github\cameltooling\lsp\internal\CamelCatalogVersionTest.java
camel-language-server,com.github.cameltooling.lsp.internal,CamelCatalogVersionTest,testProductizedCatalog2x,Missing assertion,The tool detected the smell in this test method because the test doesn't have any assertion.,C:\Dalhousie\ASD (5308)\Assignment 1\camel-language-server\src\test\java\com\github\cameltooling\lsp\internal\CamelCatalogVersionTest.java
camel-language-server,com.github.cameltooling.lsp.internal,CamelCatalogVersionTest,testProductizedCatalog3x,Missing assertion,The tool detected the smell in this test method because the test doesn't have any assertion.,C:\Dalhousie\ASD (5308)\Assignment 1\camel-language-server\src\test\java\com\github\cameltooling\lsp\internal\CamelCatalogVersionTest.java
camel-language-server,com.github.cameltooling.lsp.internal,CamelExtraComponentTest,testUpdateOfConfig,Assertion roulette,The tool detected the smell in this test method because the test uses multiple assertion in the test. Total number of assertions in the test are: 2,C:\Dalhousie\ASD (5308)\Assignment 1\camel-language-server\src\test\java\com\github\cameltooling\lsp\internal\CamelExtraComponentTest.java
camel-language-server,com.github.cameltooling.lsp.internal,CamelLanguageServerRobustnessTest,testStopWithoutErrorIfStopCalledWithoutConnection,Missing assertion,The tool detected the smell in this test method because the test doesn't have any assertion.,C:\Dalhousie\ASD (5308)\Assignment 1\camel-language-server\src\test\java\com\github\cameltooling\lsp\internal\CamelLanguageServerRobustnessTest.java
camel-language-server,com.github.cameltooling.lsp.internal,CamelLanguageServerTest,testProvideCompletionForJavaOnRealFile,Assertion roulette,The tool detected the smell in this test method because the test uses multiple assertion in the test. Total number of assertions in the test are: 2,C:\Dalhousie\ASD (5308)\Assignment 1\camel-language-server\src\test\java\com\github\cameltooling\lsp\internal\CamelLanguageServerTest.java
camel-language-server,com.github.cameltooling.lsp.internal,CamelLanguageServerTest,testProvideCompletionForApplicationProperties,Assertion roulette,The tool detected the smell in this test method because the test uses multiple assertion in the test. Total number of assertions in the test are: 2,C:\Dalhousie\ASD (5308)\Assignment 1\camel-language-server\src\test\java\com\github\cameltooling\lsp\internal\CamelLanguageServerTest.java
camel-language-server,com.github.cameltooling.lsp.internal,CamelLanguageServerTest,testProvideCompletionForApplicationProperties,Eager test,The tool detected the smell in this test method because the test checks the results of more than one method from class under test. The called methods are: com.github.cameltooling.lsp.internal.CamelTextDocumentService.getCamelCatalog; com.github.cameltooling.lsp.internal.AbstractLanguageServer.getTextDocumentService,C:\Dalhousie\ASD (5308)\Assignment 1\camel-language-server\src\test\java\com\github\cameltooling\lsp\internal\CamelLanguageServerTest.java
camel-language-server,com.github.cameltooling.lsp.internal,CamelLanguageServerTest,testDONTProvideCompletionForNotCamelnamespace,Assertion roulette,The tool detected the smell in this test method because the test uses multiple assertion in the test. Total number of assertions in the test are: 2,C:\Dalhousie\ASD (5308)\Assignment 1\camel-language-server\src\test\java\com\github\cameltooling\lsp\internal\CamelLanguageServerTest.java
camel-language-server,com.github.cameltooling.lsp.internal,CamelLanguageServerTest,testDONTProvideCompletionWhenNotAfterURIEqualQuote,Assertion roulette,The tool detected the smell in this test method because the test uses multiple assertion in the test. Total number of assertions in the test are: 3,C:\Dalhousie\ASD (5308)\Assignment 1\camel-language-server\src\test\java\com\github\cameltooling\lsp\internal\CamelLanguageServerTest.java
camel-language-server,com.github.cameltooling.lsp.internal,CamelLanguageServerTest,testDONTProvideCompletionWhenNotAfterURIEqualQuote,Conditional test logic,The tool detected the smell in this test method because the test wraps the assert statements within control flow statements.,C:\Dalhousie\ASD (5308)\Assignment 1\camel-language-server\src\test\java\com\github\cameltooling\lsp\internal\CamelLanguageServerTest.java
camel-language-server,com.github.cameltooling.lsp.internal,CamelLanguageServerTest,testLoadCamelContextFromFile,Assertion roulette,The tool detected the smell in this test method because the test uses multiple assertion in the test. Total number of assertions in the test are: 2,C:\Dalhousie\ASD (5308)\Assignment 1\camel-language-server\src\test\java\com\github\cameltooling\lsp\internal\CamelLanguageServerTest.java
camel-language-server,com.github.cameltooling.lsp.internal,CamelLanguageServerTest,testLoadJavaCamelContextFromFile,Assertion roulette,The tool detected the smell in this test method because the test uses multiple assertion in the test. Total number of assertions in the test are: 2,C:\Dalhousie\ASD (5308)\Assignment 1\camel-language-server\src\test\java\com\github\cameltooling\lsp\internal\CamelLanguageServerTest.java
camel-language-server,com.github.cameltooling.lsp.internal,CamelTextDocumentServiceTest,testChangeEventUpdatesStoredText,Assertion roulette,The tool detected the smell in this test method because the test uses multiple assertion in the test. Total number of assertions in the test are: 2,C:\Dalhousie\ASD (5308)\Assignment 1\camel-language-server\src\test\java\com\github\cameltooling\lsp\internal\CamelTextDocumentServiceTest.java
camel-language-server,com.github.cameltooling.lsp.internal,CamelTextDocumentServiceTest,testChangeEventUpdatesStoredText,Eager test,The tool detected the smell in this test method because the test checks the results of more than one method from class under test. The called methods are: com.github.cameltooling.lsp.internal.CamelTextDocumentService.didChange; com.github.cameltooling.lsp.internal.AbstractLanguageServer.getTextDocumentService,C:\Dalhousie\ASD (5308)\Assignment 1\camel-language-server\src\test\java\com\github\cameltooling\lsp\internal\CamelTextDocumentServiceTest.java
camel-language-server,com.github.cameltooling.lsp.internal,RunnerStandardIOTest,testClientProxyAvailable,Assertion roulette,The tool detected the smell in this test method because the test uses multiple assertion in the test. Total number of assertions in the test are: 3,C:\Dalhousie\ASD (5308)\Assignment 1\camel-language-server\src\test\java\com\github\cameltooling\lsp\internal\RunnerStandardIOTest.java
camel-language-server,com.github.cameltooling.lsp.internal,RunnerWebSocketTest,testWebsocketServerStartedWithDefaults,Missing assertion,The tool detected the smell in this test method because the test doesn't have any assertion.,C:\Dalhousie\ASD (5308)\Assignment 1\camel-language-server\src\test\java\com\github\cameltooling\lsp\internal\RunnerWebSocketTest.java
camel-language-server,com.github.cameltooling.lsp.internal,RunnerWebSocketTest,testWebsocketServerStartedWithPortSpecified,Missing assertion,The tool detected the smell in this test method because the test doesn't have any assertion.,C:\Dalhousie\ASD (5308)\Assignment 1\camel-language-server\src\test\java\com\github\cameltooling\lsp\internal\RunnerWebSocketTest.java
camel-language-server,com.github.cameltooling.lsp.internal,RunnerWebSocketTest,testWebsocketServerStartedWithContextPathSpecified,Missing assertion,The tool detected the smell in this test method because the test doesn't have any assertion.,C:\Dalhousie\ASD (5308)\Assignment 1\camel-language-server\src\test\java\com\github\cameltooling\lsp\internal\RunnerWebSocketTest.java
camel-language-server,com.github.cameltooling.lsp.internal,RunnerWebSocketTest,testWebsocketServerStartedWithHostnameSpecified,Missing assertion,The tool detected the smell in this test method because the test doesn't have any assertion.,C:\Dalhousie\ASD (5308)\Assignment 1\camel-language-server\src\test\java\com\github\cameltooling\lsp\internal\RunnerWebSocketTest.java
camel-language-server,com.github.cameltooling.lsp.internal,RunnerWebSocketTest,testWebsocketServerStartedWithHostnameAndPortAndContextPathSpecified,Missing assertion,The tool detected the smell in this test method because the test doesn't have any assertion.,C:\Dalhousie\ASD (5308)\Assignment 1\camel-language-server\src\test\java\com\github\cameltooling\lsp\internal\RunnerWebSocketTest.java
camel-language-server,com.github.cameltooling.lsp.internal.catalog.util,ModelHelperApisTest,testLoadApis,Assertion roulette,The tool detected the smell in this test method because the test uses multiple assertion in the test. Total number of assertions in the test are: 7,C:\Dalhousie\ASD (5308)\Assignment 1\camel-language-server\src\test\java\com\github\cameltooling\lsp\internal\catalog\util\ModelHelperApisTest.java
camel-language-server,com.github.cameltooling.lsp.internal.catalog.util,ModelHelperApisTest,testLoadApis,Eager test,The tool detected the smell in this test method because the test checks the results of more than one method from class under test. The called methods are: com.github.cameltooling.lsp.internal.catalog.model.ApiOptionMethodsModel.getFetcher; com.github.cameltooling.lsp.internal.catalog.model.ApiOptionMethodDescriptorModel.getDescription; com.github.cameltooling.lsp.internal.catalog.util.ModelHelper.generateComponentModel; com.github.cameltooling.lsp.internal.catalog.model.ApiOptionModel.isConsumerOnly; com.github.cameltooling.lsp.internal.catalog.model.ComponentModel.getApis; com.github.cameltooling.lsp.internal.catalog.model.ApiOptionModel.getApiOptionsMethodsModel; com.github.cameltooling.lsp.internal.catalog.model.ApiOptionModel.getName; com.github.cameltooling.lsp.internal.catalog.model.ApiOptionModel.getAliases; com.github.cameltooling.lsp.internal.catalog.model.ApiOptionMethodDescriptorModel.getSignatures; com.github.cameltooling.lsp.internal.catalog.model.ApiOptionModel.isProducerOnly,C:\Dalhousie\ASD (5308)\Assignment 1\camel-language-server\src\test\java\com\github\cameltooling\lsp\internal\catalog\util\ModelHelperApisTest.java
camel-language-server,com.github.cameltooling.lsp.internal.catalog.util,ModelHelperApisTest,testLoadApiProperties,Assertion roulette,The tool detected the smell in this test method because the test uses multiple assertion in the test. Total number of assertions in the test are: 8,C:\Dalhousie\ASD (5308)\Assignment 1\camel-language-server\src\test\java\com\github\cameltooling\lsp\internal\catalog\util\ModelHelperApisTest.java
camel-language-server,com.github.cameltooling.lsp.internal.catalog.util,ModelHelperApisTest,testLoadApiProperties,Eager test,The tool detected the smell in this test method because the test checks the results of more than one method from class under test. The called methods are: com.github.cameltooling.lsp.internal.catalog.model.BaseOptionModel.getName; com.github.cameltooling.lsp.internal.catalog.model.ApiPropertyMethodOptionModel.getProperties; com.github.cameltooling.lsp.internal.catalog.model.ApiPropertyOptionModel.getName; com.github.cameltooling.lsp.internal.catalog.util.ModelHelper.generateComponentModel; com.github.cameltooling.lsp.internal.catalog.model.ComponentModel.getApiProperties; com.github.cameltooling.lsp.internal.catalog.model.BaseOptionModel.getDescription; com.github.cameltooling.lsp.internal.catalog.model.BaseOptionModel.getGroup; com.github.cameltooling.lsp.internal.catalog.model.BaseOptionModel.getKind; com.github.cameltooling.lsp.internal.catalog.model.ApiPropertyOptionModel.getFetcher; com.github.cameltooling.lsp.internal.catalog.model.ApiPropertyOptionModel.getUpdater; com.github.cameltooling.lsp.internal.catalog.model.BaseOptionModel.isRequired,C:\Dalhousie\ASD (5308)\Assignment 1\camel-language-server\src\test\java\com\github\cameltooling\lsp\internal\catalog\util\ModelHelperApisTest.java
camel-language-server,com.github.cameltooling.lsp.internal.catalog.util,StringUtilsTest,asComponentName,Assertion roulette,The tool detected the smell in this test method because the test uses multiple assertion in the test. Total number of assertions in the test are: 4,C:\Dalhousie\ASD (5308)\Assignment 1\camel-language-server\src\test\java\com\github\cameltooling\lsp\internal\catalog\util\StringUtilsTest.java
camel-language-server,com.github.cameltooling.lsp.internal.catalog.util,StringUtilsTest,isEmpty,Assertion roulette,The tool detected the smell in this test method because the test uses multiple assertion in the test. Total number of assertions in the test are: 2,C:\Dalhousie\ASD (5308)\Assignment 1\camel-language-server\src\test\java\com\github\cameltooling\lsp\internal\catalog\util\StringUtilsTest.java
camel-language-server,com.github.cameltooling.lsp.internal.codeactions,CamelKPropertyFileModelineDeprecatedRefactorTest,testRefactor,Missing assertion,The tool detected the smell in this test method because the test doesn't have any assertion.,C:\Dalhousie\ASD (5308)\Assignment 1\camel-language-server\src\test\java\com\github\cameltooling\lsp\internal\codeactions\CamelKPropertyFileModelineDeprecatedRefactorTest.java
camel-language-server,com.github.cameltooling.lsp.internal.codeactions,CamelKPropertyFileModelineDeprecatedRefactorTest,testRefactorWithEmptyValue,Missing assertion,The tool detected the smell in this test method because the test doesn't have any assertion.,C:\Dalhousie\ASD (5308)\Assignment 1\camel-language-server\src\test\java\com\github\cameltooling\lsp\internal\codeactions\CamelKPropertyFileModelineDeprecatedRefactorTest.java
camel-language-server,com.github.cameltooling.lsp.internal.codeactions,CamelKPropertyFileModelineDeprecatedRefactorTest,testRefactorWithNoEqual,Missing assertion,The tool detected the smell in this test method because the test doesn't have any assertion.,C:\Dalhousie\ASD (5308)\Assignment 1\camel-language-server\src\test\java\com\github\cameltooling\lsp\internal\codeactions\CamelKPropertyFileModelineDeprecatedRefactorTest.java
camel-language-server,com.github.cameltooling.lsp.internal.codeactions,CamelKPropertyFileModelineDeprecatedRefactorTest,testRefactorWithSeveralPropertyFileOptions,Assertion roulette,The tool detected the smell in this test method because the test uses multiple assertion in the test. Total number of assertions in the test are: 9,C:\Dalhousie\ASD (5308)\Assignment 1\camel-language-server\src\test\java\com\github\cameltooling\lsp\internal\codeactions\CamelKPropertyFileModelineDeprecatedRefactorTest.java
camel-language-server,com.github.cameltooling.lsp.internal.codeactions,InvalidEnumQuickfixTest,testReturnCodeActionForQuickfix,Missing assertion,The tool detected the smell in this test method because the test doesn't have any assertion.,C:\Dalhousie\ASD (5308)\Assignment 1\camel-language-server\src\test\java\com\github\cameltooling\lsp\internal\codeactions\InvalidEnumQuickfixTest.java
camel-language-server,com.github.cameltooling.lsp.internal.codeactions,UnknownPropertyQuickfixTest,testReturnCodeActionForQuickfix,Missing assertion,The tool detected the smell in this test method because the test doesn't have any assertion.,C:\Dalhousie\ASD (5308)\Assignment 1\camel-language-server\src\test\java\com\github\cameltooling\lsp\internal\codeactions\UnknownPropertyQuickfixTest.java
camel-language-server,com.github.cameltooling.lsp.internal.codeactions,UnknownPropertyQuickfixTest,testReturnCodeActionForQuickfixWhenNoCodeActionKindSpecified,Missing assertion,The tool detected the smell in this test method because the test doesn't have any assertion.,C:\Dalhousie\ASD (5308)\Assignment 1\camel-language-server\src\test\java\com\github\cameltooling\lsp\internal\codeactions\UnknownPropertyQuickfixTest.java
camel-language-server,com.github.cameltooling.lsp.internal.codeactions,UnknownPropertyQuickfixTest,testReturnCodeActionForQuickfixEvenWithInvalidRangeDiagnostic,Missing assertion,The tool detected the smell in this test method because the test doesn't have any assertion.,C:\Dalhousie\ASD (5308)\Assignment 1\camel-language-server\src\test\java\com\github\cameltooling\lsp\internal\codeactions\UnknownPropertyQuickfixTest.java
camel-language-server,com.github.cameltooling.lsp.internal.codeactions,UnknownPropertyQuickfixTest,testNoErrorWithDiagnosticWithoutCode,Missing assertion,The tool detected the smell in this test method because the test doesn't have any assertion.,C:\Dalhousie\ASD (5308)\Assignment 1\camel-language-server\src\test\java\com\github\cameltooling\lsp\internal\codeactions\UnknownPropertyQuickfixTest.java
camel-language-server,com.github.cameltooling.lsp.internal.completion,CamelCompletionForApisTest,testFetcher,Assertion roulette,The tool detected the smell in this test method because the test uses multiple assertion in the test. Total number of assertions in the test are: 4,C:\Dalhousie\ASD (5308)\Assignment 1\camel-language-server\src\test\java\com\github\cameltooling\lsp\internal\completion\CamelCompletionForApisTest.java
camel-language-server,com.github.cameltooling.lsp.internal.completion,CamelCompletionForApisTest,testTwilio,Assertion roulette,The tool detected the smell in this test method because the test uses multiple assertion in the test. Total number of assertions in the test are: 2,C:\Dalhousie\ASD (5308)\Assignment 1\camel-language-server\src\test\java\com\github\cameltooling\lsp\internal\completion\CamelCompletionForApisTest.java
camel-language-server,com.github.cameltooling.lsp.internal.completion,CamelCompletionForApisTest,testGoogleSheetsSpreadsheetId,Assertion roulette,The tool detected the smell in this test method because the test uses multiple assertion in the test. Total number of assertions in the test are: 2,C:\Dalhousie\ASD (5308)\Assignment 1\camel-language-server\src\test\java\com\github\cameltooling\lsp\internal\completion\CamelCompletionForApisTest.java
camel-language-server,com.github.cameltooling.lsp.internal.completion,CamelCompletionForApisTest,testUpdater,Assertion roulette,The tool detected the smell in this test method because the test uses multiple assertion in the test. Total number of assertions in the test are: 2,C:\Dalhousie\ASD (5308)\Assignment 1\camel-language-server\src\test\java\com\github\cameltooling\lsp\internal\completion\CamelCompletionForApisTest.java
camel-language-server,com.github.cameltooling.lsp.internal.completion,CamelCompletionForApisTest,testApiName,Assertion roulette,The tool detected the smell in this test method because the test uses multiple assertion in the test. Total number of assertions in the test are: 5,C:\Dalhousie\ASD (5308)\Assignment 1\camel-language-server\src\test\java\com\github\cameltooling\lsp\internal\completion\CamelCompletionForApisTest.java
camel-language-server,com.github.cameltooling.lsp.internal.completion,CamelCompletionForApisTest,testWithPartialMethodName,Assertion roulette,The tool detected the smell in this test method because the test uses multiple assertion in the test. Total number of assertions in the test are: 5,C:\Dalhousie\ASD (5308)\Assignment 1\camel-language-server\src\test\java\com\github\cameltooling\lsp\internal\completion\CamelCompletionForApisTest.java
camel-language-server,com.github.cameltooling.lsp.internal.completion,CamelCompletionInsertAndReplaceTest,testComponent,Assertion roulette,The tool detected the smell in this test method because the test uses multiple assertion in the test. Total number of assertions in the test are: 5,C:\Dalhousie\ASD (5308)\Assignment 1\camel-language-server\src\test\java\com\github\cameltooling\lsp\internal\completion\CamelCompletionInsertAndReplaceTest.java
camel-language-server,com.github.cameltooling.lsp.internal.completion,CamelCompletionInsertAndReplaceTest,testAttribute,Assertion roulette,The tool detected the smell in this test method because the test uses multiple assertion in the test. Total number of assertions in the test are: 5,C:\Dalhousie\ASD (5308)\Assignment 1\camel-language-server\src\test\java\com\github\cameltooling\lsp\internal\completion\CamelCompletionInsertAndReplaceTest.java
camel-language-server,com.github.cameltooling.lsp.internal.completion,CamelComponentOptionBooleanValuesTest,testProvideBooleanValues,Missing assertion,The tool detected the smell in this test method because the test doesn't have any assertion.,C:\Dalhousie\ASD (5308)\Assignment 1\camel-language-server\src\test\java\com\github\cameltooling\lsp\internal\completion\CamelComponentOptionBooleanValuesTest.java
camel-language-server,com.github.cameltooling.lsp.internal.completion,CamelComponentOptionEnumerationValuesTest,testProvideEnumValues,Missing assertion,The tool detected the smell in this test method because the test doesn't have any assertion.,C:\Dalhousie\ASD (5308)\Assignment 1\camel-language-server\src\test\java\com\github\cameltooling\lsp\internal\completion\CamelComponentOptionEnumerationValuesTest.java
camel-language-server,com.github.cameltooling.lsp.internal.completion,CamelComponentOptionsCompletionsTest,testProvideCamelOptions,Missing assertion,The tool detected the smell in this test method because the test doesn't have any assertion.,C:\Dalhousie\ASD (5308)\Assignment 1\camel-language-server\src\test\java\com\github\cameltooling\lsp\internal\completion\CamelComponentOptionsCompletionsTest.java
camel-language-server,com.github.cameltooling.lsp.internal.completion,CamelComponentOptionsCompletionsTest,testProvideCamelOptionsForConsumerOnly,Missing assertion,The tool detected the smell in this test method because the test doesn't have any assertion.,C:\Dalhousie\ASD (5308)\Assignment 1\camel-language-server\src\test\java\com\github\cameltooling\lsp\internal\completion\CamelComponentOptionsCompletionsTest.java
camel-language-server,com.github.cameltooling.lsp.internal.completion,CamelComponentOptionsCompletionsTest,testProvideCamelOptionsForConsumerOnlyForJava,Missing assertion,The tool detected the smell in this test method because the test doesn't have any assertion.,C:\Dalhousie\ASD (5308)\Assignment 1\camel-language-server\src\test\java\com\github\cameltooling\lsp\internal\completion\CamelComponentOptionsCompletionsTest.java
camel-language-server,com.github.cameltooling.lsp.internal.completion,CamelComponentOptionsCompletionsTest,testProvideCamelOptionsForConsumerOrProducer,Missing assertion,The tool detected the smell in this test method because the test doesn't have any assertion.,C:\Dalhousie\ASD (5308)\Assignment 1\camel-language-server\src\test\java\com\github\cameltooling\lsp\internal\completion\CamelComponentOptionsCompletionsTest.java
camel-language-server,com.github.cameltooling.lsp.internal.completion,CamelComponentOptionsCompletionsTest,testProvideCamelOptionsWhenAlreadyContainOptions,Missing assertion,The tool detected the smell in this test method because the test doesn't have any assertion.,C:\Dalhousie\ASD (5308)\Assignment 1\camel-language-server\src\test\java\com\github\cameltooling\lsp\internal\completion\CamelComponentOptionsCompletionsTest.java
camel-language-server,com.github.cameltooling.lsp.internal.completion,CamelDeprecationIndicatorInCompletionTest,testCamelComponentDeprecation,Assertion roulette,The tool detected the smell in this test method because the test uses multiple assertion in the test. Total number of assertions in the test are: 3,C:\Dalhousie\ASD (5308)\Assignment 1\camel-language-server\src\test\java\com\github\cameltooling\lsp\internal\completion\CamelDeprecationIndicatorInCompletionTest.java
camel-language-server,com.github.cameltooling.lsp.internal.completion,CamelDeprecationIndicatorInCompletionTest,testParameterDeprecation,Assertion roulette,The tool detected the smell in this test method because the test uses multiple assertion in the test. Total number of assertions in the test are: 3,C:\Dalhousie\ASD (5308)\Assignment 1\camel-language-server\src\test\java\com\github\cameltooling\lsp\internal\completion\CamelDeprecationIndicatorInCompletionTest.java
camel-language-server,com.github.cameltooling.lsp.internal.completion,CamelKubernetesServicesCompletionTest,testCompletionForNamespace,Assertion roulette,The tool detected the smell in this test method because the test uses multiple assertion in the test. Total number of assertions in the test are: 3,C:\Dalhousie\ASD (5308)\Assignment 1\camel-language-server\src\test\java\com\github\cameltooling\lsp\internal\completion\CamelKubernetesServicesCompletionTest.java
camel-language-server,com.github.cameltooling.lsp.internal.completion,CamelKubernetesServicesCompletionTest,testCompletionForSecret,Assertion roulette,The tool detected the smell in this test method because the test uses multiple assertion in the test. Total number of assertions in the test are: 2,C:\Dalhousie\ASD (5308)\Assignment 1\camel-language-server\src\test\java\com\github\cameltooling\lsp\internal\completion\CamelKubernetesServicesCompletionTest.java
camel-language-server,com.github.cameltooling.lsp.internal.completion,CamelKubernetesServicesCompletionTest,testConfigMapCompletion,Assertion roulette,The tool detected the smell in this test method because the test uses multiple assertion in the test. Total number of assertions in the test are: 3,C:\Dalhousie\ASD (5308)\Assignment 1\camel-language-server\src\test\java\com\github\cameltooling\lsp\internal\completion\CamelKubernetesServicesCompletionTest.java
camel-language-server,com.github.cameltooling.lsp.internal.completion,CamelKubernetesServicesCompletionTest,testConfigMapAndSecretsCompletion,Assertion roulette,The tool detected the smell in this test method because the test uses multiple assertion in the test. Total number of assertions in the test are: 5,C:\Dalhousie\ASD (5308)\Assignment 1\camel-language-server\src\test\java\com\github\cameltooling\lsp\internal\completion\CamelKubernetesServicesCompletionTest.java
camel-language-server,com.github.cameltooling.lsp.internal.completion,CamelKubernetesServicesCompletionTest,testKubernetesAutoCompletionMidValue,Assertion roulette,The tool detected the smell in this test method because the test uses multiple assertion in the test. Total number of assertions in the test are: 5,C:\Dalhousie\ASD (5308)\Assignment 1\camel-language-server\src\test\java\com\github\cameltooling\lsp\internal\completion\CamelKubernetesServicesCompletionTest.java
camel-language-server,com.github.cameltooling.lsp.internal.completion,CamelKubernetesServicesCompletionTest,testKubernetesAutoCompletionSeveralPlaceholders,Assertion roulette,The tool detected the smell in this test method because the test uses multiple assertion in the test. Total number of assertions in the test are: 5,C:\Dalhousie\ASD (5308)\Assignment 1\camel-language-server\src\test\java\com\github\cameltooling\lsp\internal\completion\CamelKubernetesServicesCompletionTest.java
camel-language-server,com.github.cameltooling.lsp.internal.completion,CamelKubernetesServicesCompletionTest,testKubernetesAutoCompletionPlaceholdersNotClosed,Assertion roulette,The tool detected the smell in this test method because the test uses multiple assertion in the test. Total number of assertions in the test are: 5,C:\Dalhousie\ASD (5308)\Assignment 1\camel-language-server\src\test\java\com\github\cameltooling\lsp\internal\completion\CamelKubernetesServicesCompletionTest.java
camel-language-server,com.github.cameltooling.lsp.internal.completion,CompleteIdOnDirectEndpointsTest,testDirectEndpointCompletion,Assertion roulette,The tool detected the smell in this test method because the test uses multiple assertion in the test. Total number of assertions in the test are: 2,C:\Dalhousie\ASD (5308)\Assignment 1\camel-language-server\src\test\java\com\github\cameltooling\lsp\internal\completion\CompleteIdOnDirectEndpointsTest.java
camel-language-server,com.github.cameltooling.lsp.internal.completion,CompleteIdOnDirectEndpointsTest,testSEDAEndpointCompletion,Assertion roulette,The tool detected the smell in this test method because the test uses multiple assertion in the test. Total number of assertions in the test are: 2,C:\Dalhousie\ASD (5308)\Assignment 1\camel-language-server\src\test\java\com\github\cameltooling\lsp\internal\completion\CompleteIdOnDirectEndpointsTest.java
camel-language-server,com.github.cameltooling.lsp.internal.completion,KNativeConnectedCompletionTest,testCompletionForChannel,Assertion roulette,The tool detected the smell in this test method because the test uses multiple assertion in the test. Total number of assertions in the test are: 2,C:\Dalhousie\ASD (5308)\Assignment 1\camel-language-server\src\test\java\com\github\cameltooling\lsp\internal\completion\KNativeConnectedCompletionTest.java
camel-language-server,com.github.cameltooling.lsp.internal.completion,KNativeConnectedCompletionTest,testCompletionForInMemoryChannel,Assertion roulette,The tool detected the smell in this test method because the test uses multiple assertion in the test. Total number of assertions in the test are: 2,C:\Dalhousie\ASD (5308)\Assignment 1\camel-language-server\src\test\java\com\github\cameltooling\lsp\internal\completion\KNativeConnectedCompletionTest.java
camel-language-server,com.github.cameltooling.lsp.internal.completion,KNativeConnectedCompletionTest,testCompletionForEvent,Assertion roulette,The tool detected the smell in this test method because the test uses multiple assertion in the test. Total number of assertions in the test are: 2,C:\Dalhousie\ASD (5308)\Assignment 1\camel-language-server\src\test\java\com\github\cameltooling\lsp\internal\completion\KNativeConnectedCompletionTest.java
camel-language-server,com.github.cameltooling.lsp.internal.completion,KNativeConnectedCompletionTest,testCompletionForEndpoint,Assertion roulette,The tool detected the smell in this test method because the test uses multiple assertion in the test. Total number of assertions in the test are: 2,C:\Dalhousie\ASD (5308)\Assignment 1\camel-language-server\src\test\java\com\github\cameltooling\lsp\internal\completion\KNativeConnectedCompletionTest.java
camel-language-server,com.github.cameltooling.lsp.internal.completion,PomCompletionTest,testQuarkusDebugProfile,Assertion roulette,The tool detected the smell in this test method because the test uses multiple assertion in the test. Total number of assertions in the test are: 3,C:\Dalhousie\ASD (5308)\Assignment 1\camel-language-server\src\test\java\com\github\cameltooling\lsp\internal\completion\PomCompletionTest.java
camel-language-server,com.github.cameltooling.lsp.internal.completion,PomCompletionTest,testCamelComponentDependency,Assertion roulette,The tool detected the smell in this test method because the test uses multiple assertion in the test. Total number of assertions in the test are: 3,C:\Dalhousie\ASD (5308)\Assignment 1\camel-language-server\src\test\java\com\github\cameltooling\lsp\internal\completion\PomCompletionTest.java
camel-language-server,com.github.cameltooling.lsp.internal.completion,VSCodeTasksJsonTest,testCompletionForTrait,Assertion roulette,The tool detected the smell in this test method because the test uses multiple assertion in the test. Total number of assertions in the test are: 2,C:\Dalhousie\ASD (5308)\Assignment 1\camel-language-server\src\test\java\com\github\cameltooling\lsp\internal\completion\VSCodeTasksJsonTest.java
camel-language-server,com.github.cameltooling.lsp.internal.completion,VSCodeTasksJsonTest,testCompletionForTraitProperty,Assertion roulette,The tool detected the smell in this test method because the test uses multiple assertion in the test. Total number of assertions in the test are: 2,C:\Dalhousie\ASD (5308)\Assignment 1\camel-language-server\src\test\java\com\github\cameltooling\lsp\internal\completion\VSCodeTasksJsonTest.java
camel-language-server,com.github.cameltooling.lsp.internal.completion.modeline,CamelKModelineCamelComponentPropertyTest,testProvideCompletionForComponentNames,Assertion roulette,The tool detected the smell in this test method because the test uses multiple assertion in the test. Total number of assertions in the test are: 2,C:\Dalhousie\ASD (5308)\Assignment 1\camel-language-server\src\test\java\com\github\cameltooling\lsp\internal\completion\modeline\CamelKModelineCamelComponentPropertyTest.java
camel-language-server,com.github.cameltooling.lsp.internal.completion.modeline,CamelKModelineCamelComponentPropertyTest,testProvideCompletionForComponentNamesWithInsertAndReplace,Assertion roulette,The tool detected the smell in this test method because the test uses multiple assertion in the test. Total number of assertions in the test are: 6,C:\Dalhousie\ASD (5308)\Assignment 1\camel-language-server\src\test\java\com\github\cameltooling\lsp\internal\completion\modeline\CamelKModelineCamelComponentPropertyTest.java
camel-language-server,com.github.cameltooling.lsp.internal.completion.modeline,CamelKModelineCamelComponentPropertyTest,testProvideCompletionForGroup,Assertion roulette,The tool detected the smell in this test method because the test uses multiple assertion in the test. Total number of assertions in the test are: 4,C:\Dalhousie\ASD (5308)\Assignment 1\camel-language-server\src\test\java\com\github\cameltooling\lsp\internal\completion\modeline\CamelKModelineCamelComponentPropertyTest.java
camel-language-server,com.github.cameltooling.lsp.internal.completion.modeline,CamelKModelineCamelComponentPropertyTest,testProvideCompletionForGroupWithInsertAndReplaceWithPArtialProperty,Missing assertion,The tool detected the smell in this test method because the test doesn't have any assertion.,C:\Dalhousie\ASD (5308)\Assignment 1\camel-language-server\src\test\java\com\github\cameltooling\lsp\internal\completion\modeline\CamelKModelineCamelComponentPropertyTest.java
camel-language-server,com.github.cameltooling.lsp.internal.completion.modeline,CamelKModelineCamelComponentPropertyTest,testProvideCompletionForGroupWithInsertAndReplace,Missing assertion,The tool detected the smell in this test method because the test doesn't have any assertion.,C:\Dalhousie\ASD (5308)\Assignment 1\camel-language-server\src\test\java\com\github\cameltooling\lsp\internal\completion\modeline\CamelKModelineCamelComponentPropertyTest.java
camel-language-server,com.github.cameltooling.lsp.internal.completion.modeline,CamelKModelineCamelComponentPropertyTest,testProvideCompletionForComponentAttribute,Assertion roulette,The tool detected the smell in this test method because the test uses multiple assertion in the test. Total number of assertions in the test are: 2,C:\Dalhousie\ASD (5308)\Assignment 1\camel-language-server\src\test\java\com\github\cameltooling\lsp\internal\completion\modeline\CamelKModelineCamelComponentPropertyTest.java
camel-language-server,com.github.cameltooling.lsp.internal.completion.modeline,CamelKModelineCamelComponentPropertyTest,testProvideCompletionForComponentAttributeWithDashedNotation,Assertion roulette,The tool detected the smell in this test method because the test uses multiple assertion in the test. Total number of assertions in the test are: 2,C:\Dalhousie\ASD (5308)\Assignment 1\camel-language-server\src\test\java\com\github\cameltooling\lsp\internal\completion\modeline\CamelKModelineCamelComponentPropertyTest.java
camel-language-server,com.github.cameltooling.lsp.internal.completion.modeline,CamelKModelineCamelComponentPropertyTest,testProvideCompletionForComponentSuffixWithInseertAndReplace,Assertion roulette,The tool detected the smell in this test method because the test uses multiple assertion in the test. Total number of assertions in the test are: 5,C:\Dalhousie\ASD (5308)\Assignment 1\camel-language-server\src\test\java\com\github\cameltooling\lsp\internal\completion\modeline\CamelKModelineCamelComponentPropertyTest.java
camel-language-server,com.github.cameltooling.lsp.internal.completion.modeline,CamelKModelineCompletionTest,testPropertyFileOptionIsDeprecated,Assertion roulette,The tool detected the smell in this test method because the test uses multiple assertion in the test. Total number of assertions in the test are: 3,C:\Dalhousie\ASD (5308)\Assignment 1\camel-language-server\src\test\java\com\github\cameltooling\lsp\internal\completion\modeline\CamelKModelineCompletionTest.java
camel-language-server,com.github.cameltooling.lsp.internal.completion.modeline,CamelKModelineDependencyCompletionTest,testProvideCompletionForCamelComponentDependency,Assertion roulette,The tool detected the smell in this test method because the test uses multiple assertion in the test. Total number of assertions in the test are: 4,C:\Dalhousie\ASD (5308)\Assignment 1\camel-language-server\src\test\java\com\github\cameltooling\lsp\internal\completion\modeline\CamelKModelineDependencyCompletionTest.java
camel-language-server,com.github.cameltooling.lsp.internal.completion.modeline,CamelKModelineDependencyCompletionTest,testProvideCompletionForCamelComponentDependencyOnSecondLine,Assertion roulette,The tool detected the smell in this test method because the test uses multiple assertion in the test. Total number of assertions in the test are: 4,C:\Dalhousie\ASD (5308)\Assignment 1\camel-language-server\src\test\java\com\github\cameltooling\lsp\internal\completion\modeline\CamelKModelineDependencyCompletionTest.java
camel-language-server,com.github.cameltooling.lsp.internal.completion.modeline,CamelKModelineDependencyCompletionTest,testProvideCompletionWithInsertAndReplaceForCamelComponentDependency,Assertion roulette,The tool detected the smell in this test method because the test uses multiple assertion in the test. Total number of assertions in the test are: 7,C:\Dalhousie\ASD (5308)\Assignment 1\camel-language-server\src\test\java\com\github\cameltooling\lsp\internal\completion\modeline\CamelKModelineDependencyCompletionTest.java
camel-language-server,com.github.cameltooling.lsp.internal.completion.modeline,CamelKModelineDependencyCompletionTest,testProvideCompletionWithInsertAndReplaceInMiddleOfValue,Assertion roulette,The tool detected the smell in this test method because the test uses multiple assertion in the test. Total number of assertions in the test are: 7,C:\Dalhousie\ASD (5308)\Assignment 1\camel-language-server\src\test\java\com\github\cameltooling\lsp\internal\completion\modeline\CamelKModelineDependencyCompletionTest.java
camel-language-server,com.github.cameltooling.lsp.internal.completion.modeline,CamelKModelineDependencyCompletionTest,testProvideCompletionForMavenComponentDependency,Assertion roulette,The tool detected the smell in this test method because the test uses multiple assertion in the test. Total number of assertions in the test are: 5,C:\Dalhousie\ASD (5308)\Assignment 1\camel-language-server\src\test\java\com\github\cameltooling\lsp\internal\completion\modeline\CamelKModelineDependencyCompletionTest.java
camel-language-server,com.github.cameltooling.lsp.internal.completion.modeline,CamelKModelineDependencyCompletionTest,testProvideCompletionForJitpackComponentDependency,Assertion roulette,The tool detected the smell in this test method because the test uses multiple assertion in the test. Total number of assertions in the test are: 5,C:\Dalhousie\ASD (5308)\Assignment 1\camel-language-server\src\test\java\com\github\cameltooling\lsp\internal\completion\modeline\CamelKModelineDependencyCompletionTest.java
camel-language-server,com.github.cameltooling.lsp.internal.completion.modeline,CamelKModelinePropertyTest,testProvideCompletionForComponentSuffix,Assertion roulette,The tool detected the smell in this test method because the test uses multiple assertion in the test. Total number of assertions in the test are: 2,C:\Dalhousie\ASD (5308)\Assignment 1\camel-language-server\src\test\java\com\github\cameltooling\lsp\internal\completion\modeline\CamelKModelinePropertyTest.java
camel-language-server,com.github.cameltooling.lsp.internal.completion.modeline,CamelKModelineTraitDefinitionNameTest,testProvideCompletionWithCorrectInsertWithTextAfter,Missing assertion,The tool detected the smell in this test method because the test doesn't have any assertion.,C:\Dalhousie\ASD (5308)\Assignment 1\camel-language-server\src\test\java\com\github\cameltooling\lsp\internal\completion\modeline\CamelKModelineTraitDefinitionNameTest.java
camel-language-server,com.github.cameltooling.lsp.internal.completion.modeline,CamelKModelineTraitPropertyNameTest,testProvideCompletionAfterTraitDefinitionDot,Assertion roulette,The tool detected the smell in this test method because the test uses multiple assertion in the test. Total number of assertions in the test are: 6,C:\Dalhousie\ASD (5308)\Assignment 1\camel-language-server\src\test\java\com\github\cameltooling\lsp\internal\completion\modeline\CamelKModelineTraitPropertyNameTest.java
camel-language-server,com.github.cameltooling.lsp.internal.completion.modeline,CamelKModelineTraitPropertyNameTest,testProvideCompletionWithPartialName,Assertion roulette,The tool detected the smell in this test method because the test uses multiple assertion in the test. Total number of assertions in the test are: 4,C:\Dalhousie\ASD (5308)\Assignment 1\camel-language-server\src\test\java\com\github\cameltooling\lsp\internal\completion\modeline\CamelKModelineTraitPropertyNameTest.java
camel-language-server,com.github.cameltooling.lsp.internal.completion.modeline,CamelKModelineTraitPropertyNameTest,testProvideCompletionWithInsertAndReplaceWithvalueAlreadyProvided,Assertion roulette,The tool detected the smell in this test method because the test uses multiple assertion in the test. Total number of assertions in the test are: 6,C:\Dalhousie\ASD (5308)\Assignment 1\camel-language-server\src\test\java\com\github\cameltooling\lsp\internal\completion\modeline\CamelKModelineTraitPropertyNameTest.java
camel-language-server,com.github.cameltooling.lsp.internal.definition,DefinitionProcessorTest,testRetrieveDefinitionSimple,Assertion roulette,The tool detected the smell in this test method because the test uses multiple assertion in the test. Total number of assertions in the test are: 2,C:\Dalhousie\ASD (5308)\Assignment 1\camel-language-server\src\test\java\com\github\cameltooling\lsp\internal\definition\DefinitionProcessorTest.java
camel-language-server,com.github.cameltooling.lsp.internal.definition,DefinitionProcessorTest,testRetrieveNoDefinitionWhenEndpointContainsNoId,Assertion roulette,The tool detected the smell in this test method because the test uses multiple assertion in the test. Total number of assertions in the test are: 2,C:\Dalhousie\ASD (5308)\Assignment 1\camel-language-server\src\test\java\com\github\cameltooling\lsp\internal\definition\DefinitionProcessorTest.java
camel-language-server,com.github.cameltooling.lsp.internal.definition,DefinitionProcessorTest,testRetrieveNoDefinitionWhenEndpointContainsNotMatchingIds,Assertion roulette,The tool detected the smell in this test method because the test uses multiple assertion in the test. Total number of assertions in the test are: 2,C:\Dalhousie\ASD (5308)\Assignment 1\camel-language-server\src\test\java\com\github\cameltooling\lsp\internal\definition\DefinitionProcessorTest.java
camel-language-server,com.github.cameltooling.lsp.internal.definition,DefinitionProcessorTest,testRetrieveNoDefinitionWhenOnAnotherPlace,Assertion roulette,The tool detected the smell in this test method because the test uses multiple assertion in the test. Total number of assertions in the test are: 2,C:\Dalhousie\ASD (5308)\Assignment 1\camel-language-server\src\test\java\com\github\cameltooling\lsp\internal\definition\DefinitionProcessorTest.java
camel-language-server,com.github.cameltooling.lsp.internal.diagnostic,CamelDiagnosticTest,testNoValidationError,Missing assertion,The tool detected the smell in this test method because the test doesn't have any assertion.,C:\Dalhousie\ASD (5308)\Assignment 1\camel-language-server\src\test\java\com\github\cameltooling\lsp\internal\diagnostic\CamelDiagnosticTest.java
camel-language-server,com.github.cameltooling.lsp.internal.diagnostic,CamelDiagnosticTest,testValidationError,Missing assertion,The tool detected the smell in this test method because the test doesn't have any assertion.,C:\Dalhousie\ASD (5308)\Assignment 1\camel-language-server\src\test\java\com\github\cameltooling\lsp\internal\diagnostic\CamelDiagnosticTest.java
camel-language-server,com.github.cameltooling.lsp.internal.diagnostic,CamelDiagnosticTest,testValidationErrorWithNamespacePrefix,Missing assertion,The tool detected the smell in this test method because the test doesn't have any assertion.,C:\Dalhousie\ASD (5308)\Assignment 1\camel-language-server\src\test\java\com\github\cameltooling\lsp\internal\diagnostic\CamelDiagnosticTest.java
camel-language-server,com.github.cameltooling.lsp.internal.diagnostic,CamelDiagnosticTest,testValidationSeveralErrors,Missing assertion,The tool detected the smell in this test method because the test doesn't have any assertion.,C:\Dalhousie\ASD (5308)\Assignment 1\camel-language-server\src\test\java\com\github\cameltooling\lsp\internal\diagnostic\CamelDiagnosticTest.java
camel-language-server,com.github.cameltooling.lsp.internal.diagnostic,CamelDiagnosticTest,testValidationForNonFirstParameters,Missing assertion,The tool detected the smell in this test method because the test doesn't have any assertion.,C:\Dalhousie\ASD (5308)\Assignment 1\camel-language-server\src\test\java\com\github\cameltooling\lsp\internal\diagnostic\CamelDiagnosticTest.java
camel-language-server,com.github.cameltooling.lsp.internal.diagnostic,CamelDiagnosticTest,testInvalidBoolean,Missing assertion,The tool detected the smell in this test method because the test doesn't have any assertion.,C:\Dalhousie\ASD (5308)\Assignment 1\camel-language-server\src\test\java\com\github\cameltooling\lsp\internal\diagnostic\CamelDiagnosticTest.java
camel-language-server,com.github.cameltooling.lsp.internal.diagnostic,CamelDiagnosticTest,testInvalidInteger,Missing assertion,The tool detected the smell in this test method because the test doesn't have any assertion.,C:\Dalhousie\ASD (5308)\Assignment 1\camel-language-server\src\test\java\com\github\cameltooling\lsp\internal\diagnostic\CamelDiagnosticTest.java
camel-language-server,com.github.cameltooling.lsp.internal.diagnostic,CamelDiagnosticTest,testMissingMethodNameForApiBasedComponent,Assertion roulette,The tool detected the smell in this test method because the test uses multiple assertion in the test. Total number of assertions in the test are: 2,C:\Dalhousie\ASD (5308)\Assignment 1\camel-language-server\src\test\java\com\github\cameltooling\lsp\internal\diagnostic\CamelDiagnosticTest.java
camel-language-server,com.github.cameltooling.lsp.internal.diagnostic,CamelDiagnosticTest,testNoErrorOnNonCamelFile,Missing assertion,The tool detected the smell in this test method because the test doesn't have any assertion.,C:\Dalhousie\ASD (5308)\Assignment 1\camel-language-server\src\test\java\com\github\cameltooling\lsp\internal\diagnostic\CamelDiagnosticTest.java
camel-language-server,com.github.cameltooling.lsp.internal.diagnostic,CamelDiagnosticTest,testNoErrorWithPropertyForWholeURI,Missing assertion,The tool detected the smell in this test method because the test doesn't have any assertion.,C:\Dalhousie\ASD (5308)\Assignment 1\camel-language-server\src\test\java\com\github\cameltooling\lsp\internal\diagnostic\CamelDiagnosticTest.java
camel-language-server,com.github.cameltooling.lsp.internal.diagnostic,CamelDiagnosticTest,testValidationErrorForJavaFile,Missing assertion,The tool detected the smell in this test method because the test doesn't have any assertion.,C:\Dalhousie\ASD (5308)\Assignment 1\camel-language-server\src\test\java\com\github\cameltooling\lsp\internal\diagnostic\CamelDiagnosticTest.java
camel-language-server,com.github.cameltooling.lsp.internal.diagnostic,CamelDiagnosticTest,testNoExceptionOnInvalidJavaFile,Missing assertion,The tool detected the smell in this test method because the test doesn't have any assertion.,C:\Dalhousie\ASD (5308)\Assignment 1\camel-language-server\src\test\java\com\github\cameltooling\lsp\internal\diagnostic\CamelDiagnosticTest.java
camel-language-server,com.github.cameltooling.lsp.internal.diagnostic,CamelDiagnosticTest,testNoErrorWithProperty,Missing assertion,The tool detected the smell in this test method because the test doesn't have any assertion.,C:\Dalhousie\ASD (5308)\Assignment 1\camel-language-server\src\test\java\com\github\cameltooling\lsp\internal\diagnostic\CamelDiagnosticTest.java
camel-language-server,com.github.cameltooling.lsp.internal.diagnostic,CamelDiagnosticTest,testUnknowPropertyOnNonLenientPropertiesComponent,Missing assertion,The tool detected the smell in this test method because the test doesn't have any assertion.,C:\Dalhousie\ASD (5308)\Assignment 1\camel-language-server\src\test\java\com\github\cameltooling\lsp\internal\diagnostic\CamelDiagnosticTest.java
camel-language-server,com.github.cameltooling.lsp.internal.diagnostic,CamelDiagnosticTest,testSeveralUnknowPropertyOnNonLenientPropertiesComponent,Missing assertion,The tool detected the smell in this test method because the test doesn't have any assertion.,C:\Dalhousie\ASD (5308)\Assignment 1\camel-language-server\src\test\java\com\github\cameltooling\lsp\internal\diagnostic\CamelDiagnosticTest.java
camel-language-server,com.github.cameltooling.lsp.internal.diagnostic,CamelDiagnosticTest,testSeveralErrorsWithPreciseSpecificrange,Missing assertion,The tool detected the smell in this test method because the test doesn't have any assertion.,C:\Dalhousie\ASD (5308)\Assignment 1\camel-language-server\src\test\java\com\github\cameltooling\lsp\internal\diagnostic\CamelDiagnosticTest.java
camel-language-server,com.github.cameltooling.lsp.internal.diagnostic,CamelDiagnosticTest,testSeveralUnknowPropertyAndAnotherError,Missing assertion,The tool detected the smell in this test method because the test doesn't have any assertion.,C:\Dalhousie\ASD (5308)\Assignment 1\camel-language-server\src\test\java\com\github\cameltooling\lsp\internal\diagnostic\CamelDiagnosticTest.java
camel-language-server,com.github.cameltooling.lsp.internal.diagnostic,CamelDiagnosticTest,testUnknowPropertyOnLenientPropertiesComponent,Missing assertion,The tool detected the smell in this test method because the test doesn't have any assertion.,C:\Dalhousie\ASD (5308)\Assignment 1\camel-language-server\src\test\java\com\github\cameltooling\lsp\internal\diagnostic\CamelDiagnosticTest.java
camel-language-server,com.github.cameltooling.lsp.internal.diagnostic,CamelDiagnosticTest,testJavaInterface,Missing assertion,The tool detected the smell in this test method because the test doesn't have any assertion.,C:\Dalhousie\ASD (5308)\Assignment 1\camel-language-server\src\test\java\com\github\cameltooling\lsp\internal\diagnostic\CamelDiagnosticTest.java
camel-language-server,com.github.cameltooling.lsp.internal.diagnostic,CamelKModelineDiagnosticTest,testDuplicatedTraitsInModeline,Missing assertion,The tool detected the smell in this test method because the test doesn't have any assertion.,C:\Dalhousie\ASD (5308)\Assignment 1\camel-language-server\src\test\java\com\github\cameltooling\lsp\internal\diagnostic\CamelKModelineDiagnosticTest.java
camel-language-server,com.github.cameltooling.lsp.internal.diagnostic,CamelKModelineDiagnosticTest,testDuplicatedTraitsInModelineWrittenOnSecondLIne,Missing assertion,The tool detected the smell in this test method because the test doesn't have any assertion.,C:\Dalhousie\ASD (5308)\Assignment 1\camel-language-server\src\test\java\com\github\cameltooling\lsp\internal\diagnostic\CamelKModelineDiagnosticTest.java
camel-language-server,com.github.cameltooling.lsp.internal.diagnostic,CamelPropertiesDiagnosticTest,testValidationNoError,Missing assertion,The tool detected the smell in this test method because the test doesn't have any assertion.,C:\Dalhousie\ASD (5308)\Assignment 1\camel-language-server\src\test\java\com\github\cameltooling\lsp\internal\diagnostic\CamelPropertiesDiagnosticTest.java
camel-language-server,com.github.cameltooling.lsp.internal.diagnostic,CamelPropertiesDiagnosticTest,testValidationSeveralErrors,Missing assertion,The tool detected the smell in this test method because the test doesn't have any assertion.,C:\Dalhousie\ASD (5308)\Assignment 1\camel-language-server\src\test\java\com\github\cameltooling\lsp\internal\diagnostic\CamelPropertiesDiagnosticTest.java
camel-language-server,com.github.cameltooling.lsp.internal.diagnostic,CamelPropertiesDiagnosticTest,testInvalidBoolean,Missing assertion,The tool detected the smell in this test method because the test doesn't have any assertion.,C:\Dalhousie\ASD (5308)\Assignment 1\camel-language-server\src\test\java\com\github\cameltooling\lsp\internal\diagnostic\CamelPropertiesDiagnosticTest.java
camel-language-server,com.github.cameltooling.lsp.internal.diagnostic,ConnectedModeDiagnosticTest,testKnativeHintOnXml,Missing assertion,The tool detected the smell in this test method because the test doesn't have any assertion.,C:\Dalhousie\ASD (5308)\Assignment 1\camel-language-server\src\test\java\com\github\cameltooling\lsp\internal\diagnostic\ConnectedModeDiagnosticTest.java
camel-language-server,com.github.cameltooling.lsp.internal.diagnostic,ConnectedModeDiagnosticTest,testKnativeHintOnJava,Missing assertion,The tool detected the smell in this test method because the test doesn't have any assertion.,C:\Dalhousie\ASD (5308)\Assignment 1\camel-language-server\src\test\java\com\github\cameltooling\lsp\internal\diagnostic\ConnectedModeDiagnosticTest.java
camel-language-server,com.github.cameltooling.lsp.internal.diagnostic,ConnectedModeDiagnosticTest,testKubernetesHintOnXml,Missing assertion,The tool detected the smell in this test method because the test doesn't have any assertion.,C:\Dalhousie\ASD (5308)\Assignment 1\camel-language-server\src\test\java\com\github\cameltooling\lsp\internal\diagnostic\ConnectedModeDiagnosticTest.java
camel-language-server,com.github.cameltooling.lsp.internal.diagnostic,ConnectedModeDiagnosticTest,testKubernetesHintOnJava,Missing assertion,The tool detected the smell in this test method because the test doesn't have any assertion.,C:\Dalhousie\ASD (5308)\Assignment 1\camel-language-server\src\test\java\com\github\cameltooling\lsp\internal\diagnostic\ConnectedModeDiagnosticTest.java
camel-language-server,com.github.cameltooling.lsp.internal.documentsymbol,DocumentSymbolProcessorTest,testEndpointsInXml,Missing assertion,The tool detected the smell in this test method because the test doesn't have any assertion.,C:\Dalhousie\ASD (5308)\Assignment 1\camel-language-server\src\test\java\com\github\cameltooling\lsp\internal\documentsymbol\DocumentSymbolProcessorTest.java
camel-language-server,com.github.cameltooling.lsp.internal.documentsymbol,DocumentSymbolProcessorTest,testEmptyCamelContextReturnCamelContextDocumentSymbol,Missing assertion,The tool detected the smell in this test method because the test doesn't have any assertion.,C:\Dalhousie\ASD (5308)\Assignment 1\camel-language-server\src\test\java\com\github\cameltooling\lsp\internal\documentsymbol\DocumentSymbolProcessorTest.java
camel-language-server,com.github.cameltooling.lsp.internal.documentsymbol,DocumentSymbolProcessorTest,test2CamelContext,Missing assertion,The tool detected the smell in this test method because the test doesn't have any assertion.,C:\Dalhousie\ASD (5308)\Assignment 1\camel-language-server\src\test\java\com\github\cameltooling\lsp\internal\documentsymbol\DocumentSymbolProcessorTest.java
camel-language-server,com.github.cameltooling.lsp.internal.documentsymbol,DocumentSymbolProcessorTest,testEmptyRoutes,Missing assertion,The tool detected the smell in this test method because the test doesn't have any assertion.,C:\Dalhousie\ASD (5308)\Assignment 1\camel-language-server\src\test\java\com\github\cameltooling\lsp\internal\documentsymbol\DocumentSymbolProcessorTest.java
camel-language-server,com.github.cameltooling.lsp.internal.documentsymbol,DocumentSymbolProcessorTest,testRoutesWithoutId,Missing assertion,The tool detected the smell in this test method because the test doesn't have any assertion.,C:\Dalhousie\ASD (5308)\Assignment 1\camel-language-server\src\test\java\com\github\cameltooling\lsp\internal\documentsymbol\DocumentSymbolProcessorTest.java
camel-language-server,com.github.cameltooling.lsp.internal.documentsymbol,DocumentSymbolProcessorTest,testRoutesProvidedAsDocumentSymbolWithNamespaceprefix,Missing assertion,The tool detected the smell in this test method because the test doesn't have any assertion.,C:\Dalhousie\ASD (5308)\Assignment 1\camel-language-server\src\test\java\com\github\cameltooling\lsp\internal\documentsymbol\DocumentSymbolProcessorTest.java
camel-language-server,com.github.cameltooling.lsp.internal.documentsymbol,DocumentSymbolProcessorTest,testSingleRoute,Missing assertion,The tool detected the smell in this test method because the test doesn't have any assertion.,C:\Dalhousie\ASD (5308)\Assignment 1\camel-language-server\src\test\java\com\github\cameltooling\lsp\internal\documentsymbol\DocumentSymbolProcessorTest.java
camel-language-server,com.github.cameltooling.lsp.internal.documentsymbol,DocumentSymbolProcessorTest,testWithSpaceInPath,Missing assertion,The tool detected the smell in this test method because the test doesn't have any assertion.,C:\Dalhousie\ASD (5308)\Assignment 1\camel-language-server\src\test\java\com\github\cameltooling\lsp\internal\documentsymbol\DocumentSymbolProcessorTest.java
camel-language-server,com.github.cameltooling.lsp.internal.documentsymbol,DocumentSymbolProcessorTest,testSeveralRoutes,Assertion roulette,The tool detected the smell in this test method because the test uses multiple assertion in the test. Total number of assertions in the test are: 3,C:\Dalhousie\ASD (5308)\Assignment 1\camel-language-server\src\test\java\com\github\cameltooling\lsp\internal\documentsymbol\DocumentSymbolProcessorTest.java
camel-language-server,com.github.cameltooling.lsp.internal.documentsymbol,DocumentSymbolProcessorTest,testPartialRoute,Assertion roulette,The tool detected the smell in this test method because the test uses multiple assertion in the test. Total number of assertions in the test are: 3,C:\Dalhousie\ASD (5308)\Assignment 1\camel-language-server\src\test\java\com\github\cameltooling\lsp\internal\documentsymbol\DocumentSymbolProcessorTest.java
camel-language-server,com.github.cameltooling.lsp.internal.documentsymbol,DocumentSymbolProcessorTest,testInterfaceNotThrowingException,Missing assertion,The tool detected the smell in this test method because the test doesn't have any assertion.,C:\Dalhousie\ASD (5308)\Assignment 1\camel-language-server\src\test\java\com\github\cameltooling\lsp\internal\documentsymbol\DocumentSymbolProcessorTest.java
camel-language-server,com.github.cameltooling.lsp.internal.documentsymbol,DocumentSymbolProcessorTest,testInvalidJavaFileNotThrowingException,Missing assertion,The tool detected the smell in this test method because the test doesn't have any assertion.,C:\Dalhousie\ASD (5308)\Assignment 1\camel-language-server\src\test\java\com\github\cameltooling\lsp\internal\documentsymbol\DocumentSymbolProcessorTest.java
camel-language-server,com.github.cameltooling.lsp.internal.folding,FoldingRangeChoiceTest,testFoldingRangeWithoutEnd,Assertion roulette,The tool detected the smell in this test method because the test uses multiple assertion in the test. Total number of assertions in the test are: 2,C:\Dalhousie\ASD (5308)\Assignment 1\camel-language-server\src\test\java\com\github\cameltooling\lsp\internal\folding\FoldingRangeChoiceTest.java
camel-language-server,com.github.cameltooling.lsp.internal.folding,FoldingRangeChoiceTest,testFoldingRangeWithEnd,Assertion roulette,The tool detected the smell in this test method because the test uses multiple assertion in the test. Total number of assertions in the test are: 2,C:\Dalhousie\ASD (5308)\Assignment 1\camel-language-server\src\test\java\com\github\cameltooling\lsp\internal\folding\FoldingRangeChoiceTest.java
camel-language-server,com.github.cameltooling.lsp.internal.folding,FoldingRangeRouteTest,testFoldingRangeOnJavaFile,Assertion roulette,The tool detected the smell in this test method because the test uses multiple assertion in the test. Total number of assertions in the test are: 2,C:\Dalhousie\ASD (5308)\Assignment 1\camel-language-server\src\test\java\com\github\cameltooling\lsp\internal\folding\FoldingRangeRouteTest.java
camel-language-server,com.github.cameltooling.lsp.internal.hover,CamelApiBasedComponentHoverTest,tesOnOption,Assertion roulette,The tool detected the smell in this test method because the test uses multiple assertion in the test. Total number of assertions in the test are: 2,C:\Dalhousie\ASD (5308)\Assignment 1\camel-language-server\src\test\java\com\github\cameltooling\lsp\internal\hover\CamelApiBasedComponentHoverTest.java
camel-language-server,com.github.cameltooling.lsp.internal.hover,CamelApiBasedComponentHoverTest,tesOnOption,Eager test,The tool detected the smell in this test method because the test checks the results of more than one method from class under test. The called methods are: com.github.cameltooling.lsp.internal.CamelTextDocumentService.hover; com.github.cameltooling.lsp.internal.AbstractLanguageServer.getTextDocumentService,C:\Dalhousie\ASD (5308)\Assignment 1\camel-language-server\src\test\java\com\github\cameltooling\lsp\internal\hover\CamelApiBasedComponentHoverTest.java
camel-language-server,com.github.cameltooling.lsp.internal.hover,CamelKModelineComponentPropertyHoverTest,testProvideDocumentationOnHoverOfComponentName,Missing assertion,The tool detected the smell in this test method because the test doesn't have any assertion.,C:\Dalhousie\ASD (5308)\Assignment 1\camel-language-server\src\test\java\com\github\cameltooling\lsp\internal\hover\CamelKModelineComponentPropertyHoverTest.java
camel-language-server,com.github.cameltooling.lsp.internal.hover,CamelKModelineComponentPropertyHoverTest,testProvideDocumentationOnHoverOfComponentAttribute,Missing assertion,The tool detected the smell in this test method because the test doesn't have any assertion.,C:\Dalhousie\ASD (5308)\Assignment 1\camel-language-server\src\test\java\com\github\cameltooling\lsp\internal\hover\CamelKModelineComponentPropertyHoverTest.java
camel-language-server,com.github.cameltooling.lsp.internal.hover,CamelKModelineComponentPropertyHoverTest,testNoErrorWithPartialNoComponentNameSpecified,Missing assertion,The tool detected the smell in this test method because the test doesn't have any assertion.,C:\Dalhousie\ASD (5308)\Assignment 1\camel-language-server\src\test\java\com\github\cameltooling\lsp\internal\hover\CamelKModelineComponentPropertyHoverTest.java
camel-language-server,com.github.cameltooling.lsp.internal.hover,CamelKModelineComponentPropertyHoverTest,testNoErrorWithUnknownComponent,Missing assertion,The tool detected the smell in this test method because the test doesn't have any assertion.,C:\Dalhousie\ASD (5308)\Assignment 1\camel-language-server\src\test\java\com\github\cameltooling\lsp\internal\hover\CamelKModelineComponentPropertyHoverTest.java
camel-language-server,com.github.cameltooling.lsp.internal.hover,CamelKModelineComponentPropertyHoverTest,testNoErrorWithUnknownParameter,Missing assertion,The tool detected the smell in this test method because the test doesn't have any assertion.,C:\Dalhousie\ASD (5308)\Assignment 1\camel-language-server\src\test\java\com\github\cameltooling\lsp\internal\hover\CamelKModelineComponentPropertyHoverTest.java
camel-language-server,com.github.cameltooling.lsp.internal.hover,CamelKModelineTraitHoverTest,testProvideDocumentationForTraitDefinitionNameOnHover,Missing assertion,The tool detected the smell in this test method because the test doesn't have any assertion.,C:\Dalhousie\ASD (5308)\Assignment 1\camel-language-server\src\test\java\com\github\cameltooling\lsp\internal\hover\CamelKModelineTraitHoverTest.java
camel-language-server,com.github.cameltooling.lsp.internal.hover,CamelKModelineTraitHoverTest,testProvideDocumentationForTraitPropertyNameOnHover,Missing assertion,The tool detected the smell in this test method because the test doesn't have any assertion.,C:\Dalhousie\ASD (5308)\Assignment 1\camel-language-server\src\test\java\com\github\cameltooling\lsp\internal\hover\CamelKModelineTraitHoverTest.java
camel-language-server,com.github.cameltooling.lsp.internal.hover,CamelKModelineTraitHoverTest,testProvideNoErroOnHoverOnDefinitionNameForUnknownDefinitionName,Missing assertion,The tool detected the smell in this test method because the test doesn't have any assertion.,C:\Dalhousie\ASD (5308)\Assignment 1\camel-language-server\src\test\java\com\github\cameltooling\lsp\internal\hover\CamelKModelineTraitHoverTest.java
camel-language-server,com.github.cameltooling.lsp.internal.hover,CamelKModelineTraitHoverTest,testProvideNoErroOnHoverOnPropertyForUnknownDefinitionName,Missing assertion,The tool detected the smell in this test method because the test doesn't have any assertion.,C:\Dalhousie\ASD (5308)\Assignment 1\camel-language-server\src\test\java\com\github\cameltooling\lsp\internal\hover\CamelKModelineTraitHoverTest.java
camel-language-server,com.github.cameltooling.lsp.internal.hover,CamelKModelineTraitHoverTest,testProvideNoErroOnHoverOnPropertyForUnknownDefintionName,Missing assertion,The tool detected the smell in this test method because the test doesn't have any assertion.,C:\Dalhousie\ASD (5308)\Assignment 1\camel-language-server\src\test\java\com\github\cameltooling\lsp\internal\hover\CamelKModelineTraitHoverTest.java
camel-language-server,com.github.cameltooling.lsp.internal.instancemodel,CamelURIInstanceTest,testEmptyUri,Assertion roulette,The tool detected the smell in this test method because the test uses multiple assertion in the test. Total number of assertions in the test are: 3,C:\Dalhousie\ASD (5308)\Assignment 1\camel-language-server\src\test\java\com\github\cameltooling\lsp\internal\instancemodel\CamelURIInstanceTest.java
camel-language-server,com.github.cameltooling.lsp.internal.instancemodel,CamelURIInstanceTest,testEmptyUri,Eager test,The tool detected the smell in this test method because the test checks the results of more than one method from class under test. The called methods are: com.github.cameltooling.lsp.internal.instancemodel.CamelURIInstance.getOptionParams; com.github.cameltooling.lsp.internal.instancemodel.CamelURIInstance.getComponentAndPathUriElementInstance,C:\Dalhousie\ASD (5308)\Assignment 1\camel-language-server\src\test\java\com\github\cameltooling\lsp\internal\instancemodel\CamelURIInstanceTest.java
camel-language-server,com.github.cameltooling.lsp.internal.instancemodel,CamelURIInstanceTest,testComponentOnlyInUri,Assertion roulette,The tool detected the smell in this test method because the test uses multiple assertion in the test. Total number of assertions in the test are: 2,C:\Dalhousie\ASD (5308)\Assignment 1\camel-language-server\src\test\java\com\github\cameltooling\lsp\internal\instancemodel\CamelURIInstanceTest.java
camel-language-server,com.github.cameltooling.lsp.internal.instancemodel,CamelURIInstanceTest,testComponentOnlyInUri,Eager test,The tool detected the smell in this test method because the test checks the results of more than one method from class under test. The called methods are: com.github.cameltooling.lsp.internal.instancemodel.CamelUriElementInstance.getEndPositionInUri; com.github.cameltooling.lsp.internal.instancemodel.CamelURIInstance.getComponentAndPathUriElementInstance; com.github.cameltooling.lsp.internal.instancemodel.CamelComponentAndPathUriInstance.getComponentName,C:\Dalhousie\ASD (5308)\Assignment 1\camel-language-server\src\test\java\com\github\cameltooling\lsp\internal\instancemodel\CamelURIInstanceTest.java
camel-language-server,com.github.cameltooling.lsp.internal.instancemodel,CamelURIInstanceTest,testComponentWithSomethingElseInUri,Assertion roulette,The tool detected the smell in this test method because the test uses multiple assertion in the test. Total number of assertions in the test are: 2,C:\Dalhousie\ASD (5308)\Assignment 1\camel-language-server\src\test\java\com\github\cameltooling\lsp\internal\instancemodel\CamelURIInstanceTest.java
camel-language-server,com.github.cameltooling.lsp.internal.instancemodel,CamelURIInstanceTest,testComponentWithSomethingElseInUri,Eager test,The tool detected the smell in this test method because the test checks the results of more than one method from class under test. The called methods are: com.github.cameltooling.lsp.internal.instancemodel.CamelComponentAndPathUriInstance.getComponent; com.github.cameltooling.lsp.internal.instancemodel.CamelUriElementInstance.getEndPositionInUri; com.github.cameltooling.lsp.internal.instancemodel.CamelURIInstance.getComponentAndPathUriElementInstance; com.github.cameltooling.lsp.internal.instancemodel.CamelComponentAndPathUriInstance.getComponentName,C:\Dalhousie\ASD (5308)\Assignment 1\camel-language-server\src\test\java\com\github\cameltooling\lsp\internal\instancemodel\CamelURIInstanceTest.java
camel-language-server,com.github.cameltooling.lsp.internal.instancemodel,CamelURIInstanceTest,testPathParam,Assertion roulette,The tool detected the smell in this test method because the test uses multiple assertion in the test. Total number of assertions in the test are: 3,C:\Dalhousie\ASD (5308)\Assignment 1\camel-language-server\src\test\java\com\github\cameltooling\lsp\internal\instancemodel\CamelURIInstanceTest.java
camel-language-server,com.github.cameltooling.lsp.internal.instancemodel,CamelURIInstanceTest,testPathParam,Eager test,The tool detected the smell in this test method because the test checks the results of more than one method from class under test. The called methods are: com.github.cameltooling.lsp.internal.instancemodel.CamelComponentAndPathUriInstance.getPathParams; com.github.cameltooling.lsp.internal.instancemodel.CamelUriElementInstance.getEndPositionInUri; com.github.cameltooling.lsp.internal.instancemodel.PathParamURIInstance.getValue; com.github.cameltooling.lsp.internal.instancemodel.CamelURIInstance.getComponentAndPathUriElementInstance; com.github.cameltooling.lsp.internal.instancemodel.CamelUriElementInstance.getStartPositionInUri,C:\Dalhousie\ASD (5308)\Assignment 1\camel-language-server\src\test\java\com\github\cameltooling\lsp\internal\instancemodel\CamelURIInstanceTest.java
camel-language-server,com.github.cameltooling.lsp.internal.instancemodel,CamelURIInstanceTest,testOptionParam,Missing assertion,The tool detected the smell in this test method because the test doesn't have any assertion.,C:\Dalhousie\ASD (5308)\Assignment 1\camel-language-server\src\test\java\com\github\cameltooling\lsp\internal\instancemodel\CamelURIInstanceTest.java
camel-language-server,com.github.cameltooling.lsp.internal.instancemodel,CamelURIInstanceTest,testSeveralOptionParam,Missing assertion,The tool detected the smell in this test method because the test doesn't have any assertion.,C:\Dalhousie\ASD (5308)\Assignment 1\camel-language-server\src\test\java\com\github\cameltooling\lsp\internal\instancemodel\CamelURIInstanceTest.java
camel-language-server,com.github.cameltooling.lsp.internal.instancemodel,CamelURIInstanceTest,testSeveralOptionParamForJava,Missing assertion,The tool detected the smell in this test method because the test doesn't have any assertion.,C:\Dalhousie\ASD (5308)\Assignment 1\camel-language-server\src\test\java\com\github\cameltooling\lsp\internal\instancemodel\CamelURIInstanceTest.java
camel-language-server,com.github.cameltooling.lsp.internal.instancemodel,CamelURIInstanceTest,testEmptyOptionParam,Assertion roulette,The tool detected the smell in this test method because the test uses multiple assertion in the test. Total number of assertions in the test are: 6,C:\Dalhousie\ASD (5308)\Assignment 1\camel-language-server\src\test\java\com\github\cameltooling\lsp\internal\instancemodel\CamelURIInstanceTest.java
camel-language-server,com.github.cameltooling.lsp.internal.instancemodel,CamelURIInstanceTest,testEmptyOptionParam,Eager test,The tool detected the smell in this test method because the test checks the results of more than one method from class under test. The called methods are: com.github.cameltooling.lsp.internal.instancemodel.CamelUriElementInstance.getEndPositionInUri; com.github.cameltooling.lsp.internal.instancemodel.OptionParamURIInstance.getValue; com.github.cameltooling.lsp.internal.instancemodel.OptionParamKeyURIInstance.getKeyName; com.github.cameltooling.lsp.internal.instancemodel.CamelURIInstance.getOptionParams; com.github.cameltooling.lsp.internal.instancemodel.OptionParamURIInstance.getKey; com.github.cameltooling.lsp.internal.instancemodel.CamelUriElementInstance.getStartPositionInUri,C:\Dalhousie\ASD (5308)\Assignment 1\camel-language-server\src\test\java\com\github\cameltooling\lsp\internal\instancemodel\CamelURIInstanceTest.java
camel-language-server,com.github.cameltooling.lsp.internal.instancemodel,CamelURIInstanceTest,testEmptyOptionValueParam,Assertion roulette,The tool detected the smell in this test method because the test uses multiple assertion in the test. Total number of assertions in the test are: 6,C:\Dalhousie\ASD (5308)\Assignment 1\camel-language-server\src\test\java\com\github\cameltooling\lsp\internal\instancemodel\CamelURIInstanceTest.java
camel-language-server,com.github.cameltooling.lsp.internal.instancemodel,CamelURIInstanceTest,testEmptyOptionValueParam,Eager test,The tool detected the smell in this test method because the test checks the results of more than one method from class under test. The called methods are: com.github.cameltooling.lsp.internal.instancemodel.CamelUriElementInstance.getEndPositionInUri; com.github.cameltooling.lsp.internal.instancemodel.OptionParamURIInstance.getValue; com.github.cameltooling.lsp.internal.instancemodel.OptionParamKeyURIInstance.getKeyName; com.github.cameltooling.lsp.internal.instancemodel.CamelURIInstance.getOptionParams; com.github.cameltooling.lsp.internal.instancemodel.OptionParamURIInstance.getKey; com.github.cameltooling.lsp.internal.instancemodel.CamelUriElementInstance.getStartPositionInUri,C:\Dalhousie\ASD (5308)\Assignment 1\camel-language-server\src\test\java\com\github\cameltooling\lsp\internal\instancemodel\CamelURIInstanceTest.java
camel-language-server,com.github.cameltooling.lsp.internal.instancemodel,CamelURIInstanceTest,testEmptyOptionValueParamWithAnd,Missing assertion,The tool detected the smell in this test method because the test doesn't have any assertion.,C:\Dalhousie\ASD (5308)\Assignment 1\camel-language-server\src\test\java\com\github\cameltooling\lsp\internal\instancemodel\CamelURIInstanceTest.java
camel-language-server,com.github.cameltooling.lsp.internal.instancemodel,CamelURIInstanceTest,testEmptyOptionValueParamWithAndForJava,Missing assertion,The tool detected the smell in this test method because the test doesn't have any assertion.,C:\Dalhousie\ASD (5308)\Assignment 1\camel-language-server\src\test\java\com\github\cameltooling\lsp\internal\instancemodel\CamelURIInstanceTest.java
camel-language-server,com.github.cameltooling.lsp.internal.instancemodel,CamelURIInstanceTest,testEmptyOptionValueParamWithEqual,Assertion roulette,The tool detected the smell in this test method because the test uses multiple assertion in the test. Total number of assertions in the test are: 8,C:\Dalhousie\ASD (5308)\Assignment 1\camel-language-server\src\test\java\com\github\cameltooling\lsp\internal\instancemodel\CamelURIInstanceTest.java
camel-language-server,com.github.cameltooling.lsp.internal.instancemodel,CamelURIInstanceTest,testEmptyOptionValueParamWithEqual,Eager test,The tool detected the smell in this test method because the test checks the results of more than one method from class under test. The called methods are: com.github.cameltooling.lsp.internal.instancemodel.CamelUriElementInstance.getEndPositionInUri; com.github.cameltooling.lsp.internal.instancemodel.OptionParamURIInstance.getValue; com.github.cameltooling.lsp.internal.instancemodel.OptionParamKeyURIInstance.getKeyName; com.github.cameltooling.lsp.internal.instancemodel.CamelURIInstance.getOptionParams; com.github.cameltooling.lsp.internal.instancemodel.OptionParamValueURIInstance.getValueName; com.github.cameltooling.lsp.internal.instancemodel.OptionParamURIInstance.getKey; com.github.cameltooling.lsp.internal.instancemodel.CamelUriElementInstance.getStartPositionInUri,C:\Dalhousie\ASD (5308)\Assignment 1\camel-language-server\src\test\java\com\github\cameltooling\lsp\internal\instancemodel\CamelURIInstanceTest.java
camel-language-server,com.github.cameltooling.lsp.internal.instancemodel.propertiesfile,CamelPropertyEntryInstanceTest,testComponent,Assertion roulette,The tool detected the smell in this test method because the test uses multiple assertion in the test. Total number of assertions in the test are: 3,C:\Dalhousie\ASD (5308)\Assignment 1\camel-language-server\src\test\java\com\github\cameltooling\lsp\internal\instancemodel\propertiesfile\CamelPropertyEntryInstanceTest.java
camel-language-server,com.github.cameltooling.lsp.internal.instancemodel.propertiesfile,CamelPropertyEntryInstanceTest,testComponent,Eager test,The tool detected the smell in this test method because the test checks the results of more than one method from class under test. The called methods are: com.github.cameltooling.lsp.internal.instancemodel.propertiesfile.CamelPropertyKeyInstance.getCamelPropertyKey; com.github.cameltooling.lsp.internal.instancemodel.propertiesfile.CamelComponentPropertyKey.getComponentProperty; com.github.cameltooling.lsp.internal.instancemodel.propertiesfile.CamelPropertyKeyInstance.getCamelComponentPropertyKey; com.github.cameltooling.lsp.internal.instancemodel.propertiesfile.CamelComponentPropertyKey.getComponentId; com.github.cameltooling.lsp.internal.instancemodel.propertiesfile.CamelPropertyEntryInstance.getCamelPropertyKeyInstance,C:\Dalhousie\ASD (5308)\Assignment 1\camel-language-server\src\test\java\com\github\cameltooling\lsp\internal\instancemodel\propertiesfile\CamelPropertyEntryInstanceTest.java
camel-language-server,com.github.cameltooling.lsp.internal.modelinemodel,CamelKModelineOptionTest,testOptionParsingBasic,Assertion roulette,The tool detected the smell in this test method because the test uses multiple assertion in the test. Total number of assertions in the test are: 3,C:\Dalhousie\ASD (5308)\Assignment 1\camel-language-server\src\test\java\com\github\cameltooling\lsp\internal\modelinemodel\CamelKModelineOptionTest.java
camel-language-server,com.github.cameltooling.lsp.internal.modelinemodel,CamelKModelineOptionTest,testOptionParsingBasic,Eager test,The tool detected the smell in this test method because the test checks the results of more than one method from class under test. The called methods are: com.github.cameltooling.lsp.internal.modelinemodel.CamelKModelineOption.getOptionName; com.github.cameltooling.lsp.internal.modelinemodel.CamelKModelineOption.getOptionValue; com.github.cameltooling.lsp.internal.modelinemodel.ICamelKModelineOptionValue.getValueAsString; com.github.cameltooling.lsp.internal.modelinemodel.CamelKModeline.getOptions,C:\Dalhousie\ASD (5308)\Assignment 1\camel-language-server\src\test\java\com\github\cameltooling\lsp\internal\modelinemodel\CamelKModelineOptionTest.java
camel-language-server,com.github.cameltooling.lsp.internal.modelinemodel,CamelKModelineOptionTest,test2Options,Missing assertion,The tool detected the smell in this test method because the test doesn't have any assertion.,C:\Dalhousie\ASD (5308)\Assignment 1\camel-language-server\src\test\java\com\github\cameltooling\lsp\internal\modelinemodel\CamelKModelineOptionTest.java
camel-language-server,com.github.cameltooling.lsp.internal.modelinemodel,CamelKModelineOptionTest,test2OptionsWithTabSeparator,Missing assertion,The tool detected the smell in this test method because the test doesn't have any assertion.,C:\Dalhousie\ASD (5308)\Assignment 1\camel-language-server\src\test\java\com\github\cameltooling\lsp\internal\modelinemodel\CamelKModelineOptionTest.java
camel-language-server,com.github.cameltooling.lsp.internal.modelinemodel,CamelKModelineOptionTest,testOptionsWithIncompleteOptions,Assertion roulette,The tool detected the smell in this test method because the test uses multiple assertion in the test. Total number of assertions in the test are: 5,C:\Dalhousie\ASD (5308)\Assignment 1\camel-language-server\src\test\java\com\github\cameltooling\lsp\internal\modelinemodel\CamelKModelineOptionTest.java
camel-language-server,com.github.cameltooling.lsp.internal.modelinemodel,CamelKModelineOptionTest,testOptionsWithIncompleteOptions,Eager test,The tool detected the smell in this test method because the test checks the results of more than one method from class under test. The called methods are: com.github.cameltooling.lsp.internal.modelinemodel.CamelKModelineOption.getStartPositionInLine; com.github.cameltooling.lsp.internal.modelinemodel.CamelKModelineOption.getEndPositionInLine; com.github.cameltooling.lsp.internal.modelinemodel.CamelKModelineOption.getOptionName; com.github.cameltooling.lsp.internal.modelinemodel.CamelKModelineOption.getOptionValue; com.github.cameltooling.lsp.internal.modelinemodel.CamelKModeline.getOptions,C:\Dalhousie\ASD (5308)\Assignment 1\camel-language-server\src\test\java\com\github\cameltooling\lsp\internal\modelinemodel\CamelKModelineOptionTest.java
camel-language-server,com.github.cameltooling.lsp.internal.modelinemodel,CamelKModelineTest,testWithXmlCommentWithoutSpaceWithValue,Assertion roulette,The tool detected the smell in this test method because the test uses multiple assertion in the test. Total number of assertions in the test are: 2,C:\Dalhousie\ASD (5308)\Assignment 1\camel-language-server\src\test\java\com\github\cameltooling\lsp\internal\modelinemodel\CamelKModelineTest.java
camel-language-server,com.github.cameltooling.lsp.internal.modelinemodel,CamelKModelineTest,testWithXmlCommentWithoutSpaceWithValue,Eager test,The tool detected the smell in this test method because the test checks the results of more than one method from class under test. The called methods are: com.github.cameltooling.lsp.internal.modelinemodel.CamelKModelineOption.getOptionValue; com.github.cameltooling.lsp.internal.modelinemodel.ICamelKModelineOptionValue.getValueAsString; com.github.cameltooling.lsp.internal.modelinemodel.CamelKModeline.getOptions; com.github.cameltooling.lsp.internal.instancemodel.ILineRangeDefineable.getEndPositionInLine,C:\Dalhousie\ASD (5308)\Assignment 1\camel-language-server\src\test\java\com\github\cameltooling\lsp\internal\modelinemodel\CamelKModelineTest.java
camel-language-server,com.github.cameltooling.lsp.internal.references,MultiDocumentReferencesProcessorTest,testDirectProducerToConsumersReferences,Assertion roulette,The tool detected the smell in this test method because the test uses multiple assertion in the test. Total number of assertions in the test are: 5,C:\Dalhousie\ASD (5308)\Assignment 1\camel-language-server\src\test\java\com\github\cameltooling\lsp\internal\references\MultiDocumentReferencesProcessorTest.java
camel-language-server,com.github.cameltooling.lsp.internal.references,MultiDocumentReferencesProcessorTest,testDirectProducerToConsumersReferences,Conditional test logic,The tool detected the smell in this test method because the test wraps the assert statements within control flow statements.,C:\Dalhousie\ASD (5308)\Assignment 1\camel-language-server\src\test\java\com\github\cameltooling\lsp\internal\references\MultiDocumentReferencesProcessorTest.java
camel-language-server,com.github.cameltooling.lsp.internal.references,MultiDocumentReferencesProcessorTest,testDirectConsumerToProducersReferences,Assertion roulette,The tool detected the smell in this test method because the test uses multiple assertion in the test. Total number of assertions in the test are: 5,C:\Dalhousie\ASD (5308)\Assignment 1\camel-language-server\src\test\java\com\github\cameltooling\lsp\internal\references\MultiDocumentReferencesProcessorTest.java
camel-language-server,com.github.cameltooling.lsp.internal.references,MultiDocumentReferencesProcessorTest,testDirectConsumerToProducersReferences,Conditional test logic,The tool detected the smell in this test method because the test wraps the assert statements within control flow statements.,C:\Dalhousie\ASD (5308)\Assignment 1\camel-language-server\src\test\java\com\github\cameltooling\lsp\internal\references\MultiDocumentReferencesProcessorTest.java
camel-language-server,com.github.cameltooling.lsp.internal.references,ReferencesProcessorTest,testRetrieveASingleDirectReferenceFor_to,Assertion roulette,The tool detected the smell in this test method because the test uses multiple assertion in the test. Total number of assertions in the test are: 2,C:\Dalhousie\ASD (5308)\Assignment 1\camel-language-server\src\test\java\com\github\cameltooling\lsp\internal\references\ReferencesProcessorTest.java
camel-language-server,com.github.cameltooling.lsp.internal.references,ReferencesProcessorTest,testRetrieveASingleDirectReferenceFor_to_whenUsingCamelNamespacePrefix,Assertion roulette,The tool detected the smell in this test method because the test uses multiple assertion in the test. Total number of assertions in the test are: 2,C:\Dalhousie\ASD (5308)\Assignment 1\camel-language-server\src\test\java\com\github\cameltooling\lsp\internal\references\ReferencesProcessorTest.java
camel-language-server,com.github.cameltooling.lsp.internal.references,ReferencesProcessorTest,testRetrieveASingleDirectReferenceFor_from,Assertion roulette,The tool detected the smell in this test method because the test uses multiple assertion in the test. Total number of assertions in the test are: 2,C:\Dalhousie\ASD (5308)\Assignment 1\camel-language-server\src\test\java\com\github\cameltooling\lsp\internal\references\ReferencesProcessorTest.java
camel-language-server,com.github.cameltooling.lsp.internal.references,ReferencesProcessorTest,testRetrieveSeveralDirectReferenceFor_from,Missing assertion,The tool detected the smell in this test method because the test doesn't have any assertion.,C:\Dalhousie\ASD (5308)\Assignment 1\camel-language-server\src\test\java\com\github\cameltooling\lsp\internal\references\ReferencesProcessorTest.java
camel-language-server,com.github.cameltooling.lsp.internal.references,ReferencesProcessorTest,testRetrieveNoReferenceWithSameFrom,Missing assertion,The tool detected the smell in this test method because the test doesn't have any assertion.,C:\Dalhousie\ASD (5308)\Assignment 1\camel-language-server\src\test\java\com\github\cameltooling\lsp\internal\references\ReferencesProcessorTest.java
camel-language-server,com.github.cameltooling.lsp.internal.references,ReferencesProcessorTest,testRetrieveNoReferenceWithSameTo,Missing assertion,The tool detected the smell in this test method because the test doesn't have any assertion.,C:\Dalhousie\ASD (5308)\Assignment 1\camel-language-server\src\test\java\com\github\cameltooling\lsp\internal\references\ReferencesProcessorTest.java
camel-language-server,com.github.cameltooling.lsp.internal.references,ReferencesProcessorTest,testFindReferencesEvenWhenThereisAnEmptyURiSomewhere,Missing assertion,The tool detected the smell in this test method because the test doesn't have any assertion.,C:\Dalhousie\ASD (5308)\Assignment 1\camel-language-server\src\test\java\com\github\cameltooling\lsp\internal\references\ReferencesProcessorTest.java
camel-language-server,com.github.cameltooling.lsp.internal.references,ReferencesProcessorTest,testRetrieveNoReferenceWithDifferentDirectIds,Missing assertion,The tool detected the smell in this test method because the test doesn't have any assertion.,C:\Dalhousie\ASD (5308)\Assignment 1\camel-language-server\src\test\java\com\github\cameltooling\lsp\internal\references\ReferencesProcessorTest.java
camel-language-server,com.github.cameltooling.lsp.internal.telemetry,TelemetryTest,testInitializationWithJvmInfoMetric,Assertion roulette,The tool detected the smell in this test method because the test uses multiple assertion in the test. Total number of assertions in the test are: 3,C:\Dalhousie\ASD (5308)\Assignment 1\camel-language-server\src\test\java\com\github\cameltooling\lsp\internal\telemetry\TelemetryTest.java
camel-language-server,com.github.cameltooling.lsp.internal.completion.camelapplicationproperties,CamelPropertiesComponentOptionDashedNameCompletionTest,testProvideFilteredCompletionWhenInsideValue,Assertion roulette,The tool detected the smell in this test method because the test uses multiple assertion in the test. Total number of assertions in the test are: 2,C:\Dalhousie\ASD (5308)\Assignment 1\camel-language-server\src\test\java\com\github\cameltooling\lsp\internal\completion\camelapplicationproperties\CamelPropertiesComponentOptionDashedNameCompletionTest.java
camel-language-server,com.github.cameltooling.lsp.internal.completion.camelapplicationproperties,CamelPropertiesComponentOptionNameCompletionTest,testProvideFilteredCompletionWhenInsideValue,Assertion roulette,The tool detected the smell in this test method because the test uses multiple assertion in the test. Total number of assertions in the test are: 2,C:\Dalhousie\ASD (5308)\Assignment 1\camel-language-server\src\test\java\com\github\cameltooling\lsp\internal\completion\camelapplicationproperties\CamelPropertiesComponentOptionNameCompletionTest.java
