Project,Package,Class,NOF,NOPF,NOM,NOPM,LOC,WMC,NC,DIT,LCOM,Fan-In,Fan-Out,File,Line no
camel-language-server,com.github.cameltooling.lsp.internal,AbstractLanguageServer,7,0,10,4,130,14,1,0,0.3,0,1,C:\Dalhousie\ASD (5308)\Assignment 1\camel-language-server\src\main\java\com\github\cameltooling\lsp\internal\AbstractLanguageServer.java,25
camel-language-server,com.github.cameltooling.lsp.internal,AbstractLanguageServer.CamelServerRunnable,0,0,0,0,17,0,0,0,-1.0,0,0,C:\Dalhousie\ASD (5308)\Assignment 1\camel-language-server\src\main\java\com\github\cameltooling\lsp\internal\AbstractLanguageServer.java,32
camel-language-server,com.github.cameltooling.lsp.internal,CamelLanguageServer,5,1,14,13,86,16,0,1,0.5,65,3,C:\Dalhousie\ASD (5308)\Assignment 1\camel-language-server\src\main\java\com\github\cameltooling\lsp\internal\CamelLanguageServer.java,45
camel-language-server,com.github.cameltooling.lsp.internal,CamelTextDocumentService,5,0,30,27,211,47,0,0,0.0,9,5,C:\Dalhousie\ASD (5308)\Assignment 1\camel-language-server\src\main\java\com\github\cameltooling\lsp\internal\CamelTextDocumentService.java,95
camel-language-server,com.github.cameltooling.lsp.internal,CamelWorkspaceService,2,0,4,4,23,4,0,0,0.0,0,1,C:\Dalhousie\ASD (5308)\Assignment 1\camel-language-server\src\main\java\com\github\cameltooling\lsp\internal\CamelWorkspaceService.java,36
camel-language-server,com.github.cameltooling.lsp.internal,Runner,8,0,5,1,63,11,0,0,0.0,3,2,C:\Dalhousie\ASD (5308)\Assignment 1\camel-language-server\src\main\java\com\github\cameltooling\lsp\internal\Runner.java,28
camel-language-server,com.github.cameltooling.lsp.internal,AbstractCamelLanguageServerTest,10,0,30,3,185,33,5,0,0.26666666666666666,0,1,C:\Dalhousie\ASD (5308)\Assignment 1\camel-language-server\src\test\java\com\github\cameltooling\lsp\internal\AbstractCamelLanguageServerTest.java,72
camel-language-server,com.github.cameltooling.lsp.internal,AbstractCamelLanguageServerTest.DummyLanguageClient,0,0,0,0,15,0,0,0,-1.0,0,0,C:\Dalhousie\ASD (5308)\Assignment 1\camel-language-server\src\test\java\com\github\cameltooling\lsp\internal\AbstractCamelLanguageServerTest.java,121
camel-language-server,com.github.cameltooling.lsp.internal,CamelCatalogRuntimeProviderTest,1,0,8,0,38,8,0,1,0.0,0,3,C:\Dalhousie\ASD (5308)\Assignment 1\camel-language-server\src\test\java\com\github\cameltooling\lsp\internal\CamelCatalogRuntimeProviderTest.java,41
camel-language-server,com.github.cameltooling.lsp.internal,CamelCatalogVersionTest,1,0,14,0,67,14,0,1,0.0,0,2,C:\Dalhousie\ASD (5308)\Assignment 1\camel-language-server\src\test\java\com\github\cameltooling\lsp\internal\CamelCatalogVersionTest.java,37
camel-language-server,com.github.cameltooling.lsp.internal,CamelExtraComponentTest,0,0,5,0,30,5,0,1,-1.0,0,2,C:\Dalhousie\ASD (5308)\Assignment 1\camel-language-server\src\test\java\com\github\cameltooling\lsp\internal\CamelExtraComponentTest.java,36
camel-language-server,com.github.cameltooling.lsp.internal,CamelLanguageServerRobustnessTest,0,0,1,0,5,1,0,0,-1.0,0,0,C:\Dalhousie\ASD (5308)\Assignment 1\camel-language-server\src\test\java\com\github\cameltooling\lsp\internal\CamelLanguageServerRobustnessTest.java,21
camel-language-server,com.github.cameltooling.lsp.internal,CamelLanguageServerTest,0,0,13,0,300,15,0,1,-1.0,0,4,C:\Dalhousie\ASD (5308)\Assignment 1\camel-language-server\src\test\java\com\github\cameltooling\lsp\internal\CamelLanguageServerTest.java,46
camel-language-server,com.github.cameltooling.lsp.internal,CamelLanguageServerTest.Yaml,0,0,0,0,209,0,0,0,-1.0,0,0,C:\Dalhousie\ASD (5308)\Assignment 1\camel-language-server\src\test\java\com\github\cameltooling\lsp\internal\CamelLanguageServerTest.java,107
camel-language-server,com.github.cameltooling.lsp.internal,CamelTextDocumentServiceTest,0,0,1,0,16,1,0,1,-1.0,0,1,C:\Dalhousie\ASD (5308)\Assignment 1\camel-language-server\src\test\java\com\github\cameltooling\lsp\internal\CamelTextDocumentServiceTest.java,34
camel-language-server,com.github.cameltooling.lsp.internal,DummyConstants,1,1,0,0,3,0,0,0,-1.0,1,0,C:\Dalhousie\ASD (5308)\Assignment 1\camel-language-server\src\test\java\com\github\cameltooling\lsp\internal\DummyConstants.java,19
camel-language-server,com.github.cameltooling.lsp.internal,RangeChecker,0,0,1,1,8,1,0,0,-1.0,0,0,C:\Dalhousie\ASD (5308)\Assignment 1\camel-language-server\src\test\java\com\github\cameltooling\lsp\internal\RangeChecker.java,23
camel-language-server,com.github.cameltooling.lsp.internal,RunnerHelpTest,2,0,5,1,23,5,0,0,0.4,0,1,C:\Dalhousie\ASD (5308)\Assignment 1\camel-language-server\src\test\java\com\github\cameltooling\lsp\internal\RunnerHelpTest.java,29
camel-language-server,com.github.cameltooling.lsp.internal,RunnerStandardIOTest,2,0,5,1,25,5,0,0,0.4,0,1,C:\Dalhousie\ASD (5308)\Assignment 1\camel-language-server\src\test\java\com\github\cameltooling\lsp\internal\RunnerStandardIOTest.java,29
camel-language-server,com.github.cameltooling.lsp.internal,RunnerWebSocketTest,2,0,12,2,74,13,0,0,0.25,0,1,C:\Dalhousie\ASD (5308)\Assignment 1\camel-language-server\src\test\java\com\github\cameltooling\lsp\internal\RunnerWebSocketTest.java,43
camel-language-server,com.github.cameltooling.lsp.internal,TestExtraComponentUtil,1,1,0,0,3,0,0,0,-1.0,2,0,C:\Dalhousie\ASD (5308)\Assignment 1\camel-language-server\src\test\java\com\github\cameltooling\lsp\internal\TestExtraComponentUtil.java,19
camel-language-server,com.github.cameltooling.lsp.internal.catalog.diagnostic,BooleanErrorMsg,0,0,1,1,11,2,0,1,-1.0,0,0,C:\Dalhousie\ASD (5308)\Assignment 1\camel-language-server\src\main\java\com\github\cameltooling\lsp\internal\catalog\diagnostic\BooleanErrorMsg.java,21
camel-language-server,com.github.cameltooling.lsp.internal.catalog.diagnostic,CamelDiagnosticMessage,0,0,4,0,29,4,11,0,-1.0,1,0,C:\Dalhousie\ASD (5308)\Assignment 1\camel-language-server\src\main\java\com\github\cameltooling\lsp\internal\catalog\diagnostic\CamelDiagnosticMessage.java,19
camel-language-server,com.github.cameltooling.lsp.internal.catalog.diagnostic,EnumErrorMsg,0,0,3,2,27,5,0,0,-1.0,0,0,C:\Dalhousie\ASD (5308)\Assignment 1\camel-language-server\src\main\java\com\github\cameltooling\lsp\internal\catalog\diagnostic\EnumErrorMsg.java,25
camel-language-server,com.github.cameltooling.lsp.internal.catalog.diagnostic,IntegerErrorMsg,0,0,1,1,11,2,0,1,-1.0,0,1,C:\Dalhousie\ASD (5308)\Assignment 1\camel-language-server\src\main\java\com\github\cameltooling\lsp\internal\catalog\diagnostic\IntegerErrorMsg.java,23
camel-language-server,com.github.cameltooling.lsp.internal.catalog.diagnostic,InvalidDurationErrorMsg,0,0,1,1,11,2,0,1,-1.0,0,1,C:\Dalhousie\ASD (5308)\Assignment 1\camel-language-server\src\main\java\com\github\cameltooling\lsp\internal\catalog\diagnostic\InvalidDurationErrorMsg.java,24
camel-language-server,com.github.cameltooling.lsp.internal.catalog.diagnostic,LenientOptionMsg,1,0,4,3,15,4,0,1,0.5,0,0,C:\Dalhousie\ASD (5308)\Assignment 1\camel-language-server\src\main\java\com\github\cameltooling\lsp\internal\catalog\diagnostic\LenientOptionMsg.java,19
camel-language-server,com.github.cameltooling.lsp.internal.catalog.diagnostic,NotConsumerOnlyErrorMsg,0,0,2,2,8,2,0,1,-1.0,0,0,C:\Dalhousie\ASD (5308)\Assignment 1\camel-language-server\src\main\java\com\github\cameltooling\lsp\internal\catalog\diagnostic\NotConsumerOnlyErrorMsg.java,19
camel-language-server,com.github.cameltooling.lsp.internal.catalog.diagnostic,NotProducerOnlyErrorMsg,0,0,2,2,8,2,0,1,-1.0,0,0,C:\Dalhousie\ASD (5308)\Assignment 1\camel-language-server\src\main\java\com\github\cameltooling\lsp\internal\catalog\diagnostic\NotProducerOnlyErrorMsg.java,19
camel-language-server,com.github.cameltooling.lsp.internal.catalog.diagnostic,NumberErrorMsg,0,0,1,1,11,2,0,1,-1.0,0,1,C:\Dalhousie\ASD (5308)\Assignment 1\camel-language-server\src\main\java\com\github\cameltooling\lsp\internal\catalog\diagnostic\NumberErrorMsg.java,23
camel-language-server,com.github.cameltooling.lsp.internal.catalog.diagnostic,ReferenceErrorMsg,0,0,1,1,14,3,0,1,-1.0,0,1,C:\Dalhousie\ASD (5308)\Assignment 1\camel-language-server\src\main\java\com\github\cameltooling\lsp\internal\catalog\diagnostic\ReferenceErrorMsg.java,23
camel-language-server,com.github.cameltooling.lsp.internal.catalog.diagnostic,RequiredErrorMsg,0,0,1,1,5,1,0,1,-1.0,0,0,C:\Dalhousie\ASD (5308)\Assignment 1\camel-language-server\src\main\java\com\github\cameltooling\lsp\internal\catalog\diagnostic\RequiredErrorMsg.java,22
camel-language-server,com.github.cameltooling.lsp.internal.catalog.diagnostic,UnknownComponentErrorMsg,0,0,1,1,5,1,0,1,-1.0,0,0,C:\Dalhousie\ASD (5308)\Assignment 1\camel-language-server\src\main\java\com\github\cameltooling\lsp\internal\catalog\diagnostic\UnknownComponentErrorMsg.java,19
camel-language-server,com.github.cameltooling.lsp.internal.catalog.diagnostic,UnknownErrorMsg,0,0,1,1,5,1,0,1,-1.0,0,0,C:\Dalhousie\ASD (5308)\Assignment 1\camel-language-server\src\main\java\com\github\cameltooling\lsp\internal\catalog\diagnostic\UnknownErrorMsg.java,19
camel-language-server,com.github.cameltooling.lsp.internal.catalog.diagnostic,BooleanErrorMsgTest,0,0,2,0,12,2,0,0,-1.0,0,0,C:\Dalhousie\ASD (5308)\Assignment 1\camel-language-server\src\test\java\com\github\cameltooling\lsp\internal\catalog\diagnostic\BooleanErrorMsgTest.java,26
camel-language-server,com.github.cameltooling.lsp.internal.catalog.diagnostic,EnumErrorMsgTest,0,0,1,0,9,1,0,0,-1.0,0,0,C:\Dalhousie\ASD (5308)\Assignment 1\camel-language-server\src\test\java\com\github\cameltooling\lsp\internal\catalog\diagnostic\EnumErrorMsgTest.java,27
camel-language-server,com.github.cameltooling.lsp.internal.catalog.diagnostic,IntegerErrorMsgTest,0,0,2,0,12,2,0,0,-1.0,0,0,C:\Dalhousie\ASD (5308)\Assignment 1\camel-language-server\src\test\java\com\github\cameltooling\lsp\internal\catalog\diagnostic\IntegerErrorMsgTest.java,26
camel-language-server,com.github.cameltooling.lsp.internal.catalog.diagnostic,NumberErrorMsgTest,0,0,2,0,12,2,0,0,-1.0,0,0,C:\Dalhousie\ASD (5308)\Assignment 1\camel-language-server\src\test\java\com\github\cameltooling\lsp\internal\catalog\diagnostic\NumberErrorMsgTest.java,26
camel-language-server,com.github.cameltooling.lsp.internal.catalog.diagnostic,ReferenceErrorMsgTest,0,0,3,0,17,3,0,0,-1.0,0,0,C:\Dalhousie\ASD (5308)\Assignment 1\camel-language-server\src\test\java\com\github\cameltooling\lsp\internal\catalog\diagnostic\ReferenceErrorMsgTest.java,26
camel-language-server,com.github.cameltooling.lsp.internal.catalog.model,ApiOptionMethodDescriptorModel,2,0,4,4,16,4,0,0,0.5,3,0,C:\Dalhousie\ASD (5308)\Assignment 1\camel-language-server\src\main\java\com\github\cameltooling\lsp\internal\catalog\model\ApiOptionMethodDescriptorModel.java,21
camel-language-server,com.github.cameltooling.lsp.internal.catalog.model,ApiOptionMethodsModel,5,0,10,10,37,10,0,0,0.5,3,1,C:\Dalhousie\ASD (5308)\Assignment 1\camel-language-server\src\main\java\com\github\cameltooling\lsp\internal\catalog\model\ApiOptionMethodsModel.java,19
camel-language-server,com.github.cameltooling.lsp.internal.catalog.model,ApiOptionModel,10,5,12,12,62,16,0,0,0.4166666666666667,5,1,C:\Dalhousie\ASD (5308)\Assignment 1\camel-language-server\src\main\java\com\github\cameltooling\lsp\internal\catalog\model\ApiOptionModel.java,23
camel-language-server,com.github.cameltooling.lsp.internal.catalog.model,ApiPropertyMethodOptionModel,1,0,2,2,9,2,0,0,0.0,3,1,C:\Dalhousie\ASD (5308)\Assignment 1\camel-language-server\src\main\java\com\github\cameltooling\lsp\internal\catalog\model\ApiPropertyMethodOptionModel.java,22
camel-language-server,com.github.cameltooling.lsp.internal.catalog.model,ApiPropertyOptionModel,7,0,14,14,51,14,0,0,0.5,4,1,C:\Dalhousie\ASD (5308)\Assignment 1\camel-language-server\src\main\java\com\github\cameltooling\lsp\internal\catalog\model\ApiPropertyOptionModel.java,22
camel-language-server,com.github.cameltooling.lsp.internal.catalog.model,BaseOptionModel,11,0,22,22,79,22,2,0,0.5,2,0,C:\Dalhousie\ASD (5308)\Assignment 1\camel-language-server\src\main\java\com\github\cameltooling\lsp\internal\catalog\model\BaseOptionModel.java,21
camel-language-server,com.github.cameltooling.lsp.internal.catalog.model,ComponentModel,19,0,40,40,141,40,0,0,0.475,15,4,C:\Dalhousie\ASD (5308)\Assignment 1\camel-language-server\src\main\java\com\github\cameltooling\lsp\internal\catalog\model\ComponentModel.java,22
camel-language-server,com.github.cameltooling.lsp.internal.catalog.model,ComponentOptionModel,0,0,0,0,2,0,0,1,-1.0,5,0,C:\Dalhousie\ASD (5308)\Assignment 1\camel-language-server\src\main\java\com\github\cameltooling\lsp\internal\catalog\model\ComponentOptionModel.java,19
camel-language-server,com.github.cameltooling.lsp.internal.catalog.model,EndpointOptionModel,3,0,6,6,23,6,0,1,0.5,6,0,C:\Dalhousie\ASD (5308)\Assignment 1\camel-language-server\src\main\java\com\github\cameltooling\lsp\internal\catalog\model\EndpointOptionModel.java,19
camel-language-server,com.github.cameltooling.lsp.internal.catalog.runtimeprovider,CamelRuntimeProvider,1,0,1,1,17,4,0,0,0.0,2,0,C:\Dalhousie\ASD (5308)\Assignment 1\camel-language-server\src\main\java\com\github\cameltooling\lsp\internal\catalog\runtimeprovider\CamelRuntimeProvider.java,26
camel-language-server,com.github.cameltooling.lsp.internal.catalog.util,CamelNodeDetailsUtils,1,0,3,2,44,7,0,0,0.0,2,1,C:\Dalhousie\ASD (5308)\Assignment 1\camel-language-server\src\main\java\com\github\cameltooling\lsp\internal\catalog\util\CamelNodeDetailsUtils.java,32
camel-language-server,com.github.cameltooling.lsp.internal.catalog.util,KameletsCatalogManager,1,0,2,2,9,2,0,0,0.0,21,0,C:\Dalhousie\ASD (5308)\Assignment 1\camel-language-server\src\main\java\com\github\cameltooling\lsp\internal\catalog\util\KameletsCatalogManager.java,21
camel-language-server,com.github.cameltooling.lsp.internal.catalog.util,ModelHelper,1,0,13,1,187,38,0,0,0.38461538461538464,14,9,C:\Dalhousie\ASD (5308)\Assignment 1\camel-language-server\src\main\java\com\github\cameltooling\lsp\internal\catalog\util\ModelHelper.java,40
camel-language-server,com.github.cameltooling.lsp.internal.catalog.util,StringUtils,0,0,4,3,43,7,0,0,-1.0,10,0,C:\Dalhousie\ASD (5308)\Assignment 1\camel-language-server\src\main\java\com\github\cameltooling\lsp\internal\catalog\util\StringUtils.java,21
camel-language-server,com.github.cameltooling.lsp.internal.catalog.util,ModelHelperApisTest,1,0,2,0,29,2,0,0,0.0,0,6,C:\Dalhousie\ASD (5308)\Assignment 1\camel-language-server\src\test\java\com\github\cameltooling\lsp\internal\catalog\util\ModelHelperApisTest.java,31
camel-language-server,com.github.cameltooling.lsp.internal.catalog.util,ModelHelperTest,0,0,3,0,18,4,0,0,-1.0,0,2,C:\Dalhousie\ASD (5308)\Assignment 1\camel-language-server\src\test\java\com\github\cameltooling\lsp\internal\catalog\util\ModelHelperTest.java,28
camel-language-server,com.github.cameltooling.lsp.internal.catalog.util,StringUtilsTest,0,0,5,0,21,5,0,0,-1.0,0,1,C:\Dalhousie\ASD (5308)\Assignment 1\camel-language-server\src\test\java\com\github\cameltooling\lsp\internal\catalog\util\StringUtilsTest.java,26
camel-language-server,com.github.cameltooling.lsp.internal.codeactions,AbstractQuickfix,1,0,6,1,49,11,2,0,0.0,0,4,C:\Dalhousie\ASD (5308)\Assignment 1\camel-language-server\src\main\java\com\github\cameltooling\lsp\internal\codeactions\AbstractQuickfix.java,47
camel-language-server,com.github.cameltooling.lsp.internal.codeactions,CodeActionProcessor,1,0,4,2,38,8,0,0,0.0,0,1,C:\Dalhousie\ASD (5308)\Assignment 1\camel-language-server\src\main\java\com\github\cameltooling\lsp\internal\codeactions\CodeActionProcessor.java,34
camel-language-server,com.github.cameltooling.lsp.internal.codeactions,ConvertCamelKPropertyFileModelineRefactorAction,2,1,2,2,35,6,0,0,0.0,1,4,C:\Dalhousie\ASD (5308)\Assignment 1\camel-language-server\src\main\java\com\github\cameltooling\lsp\internal\codeactions\ConvertCamelKPropertyFileModelineRefactorAction.java,43
camel-language-server,com.github.cameltooling.lsp.internal.codeactions,InvalidEnumQuickfix,1,0,3,1,23,3,0,1,1.0,0,4,C:\Dalhousie\ASD (5308)\Assignment 1\camel-language-server\src\main\java\com\github\cameltooling\lsp\internal\codeactions\InvalidEnumQuickfix.java,38
camel-language-server,com.github.cameltooling.lsp.internal.codeactions,UnknownPropertyQuickfix,1,0,3,1,23,3,0,1,1.0,0,4,C:\Dalhousie\ASD (5308)\Assignment 1\camel-language-server\src\main\java\com\github\cameltooling\lsp\internal\codeactions\UnknownPropertyQuickfix.java,38
camel-language-server,com.github.cameltooling.lsp.internal.codeactions,AbstractQuickFixTest,3,0,5,0,40,5,2,0,0.4,0,1,C:\Dalhousie\ASD (5308)\Assignment 1\camel-language-server\src\test\java\com\github\cameltooling\lsp\internal\codeactions\AbstractQuickFixTest.java,47
camel-language-server,com.github.cameltooling.lsp.internal.codeactions,CamelKPropertyFileModelineDeprecatedRefactorTest,0,0,6,0,50,6,0,0,-1.0,0,2,C:\Dalhousie\ASD (5308)\Assignment 1\camel-language-server\src\test\java\com\github\cameltooling\lsp\internal\codeactions\CamelKPropertyFileModelineDeprecatedRefactorTest.java,42
camel-language-server,com.github.cameltooling.lsp.internal.codeactions,InvalidEnumQuickfixTest,0,0,2,0,14,2,0,1,-1.0,0,0,C:\Dalhousie\ASD (5308)\Assignment 1\camel-language-server\src\test\java\com\github\cameltooling\lsp\internal\codeactions\InvalidEnumQuickfixTest.java,37
camel-language-server,com.github.cameltooling.lsp.internal.codeactions,UnknownPropertyQuickfixTest,0,0,6,0,49,6,0,1,-1.0,0,1,C:\Dalhousie\ASD (5308)\Assignment 1\camel-language-server\src\test\java\com\github\cameltooling\lsp\internal\codeactions\UnknownPropertyQuickfixTest.java,45
camel-language-server,com.github.cameltooling.lsp.internal.completion,CamelComponentIdsCompletionsFuture,2,0,2,2,18,2,0,0,0.0,0,4,C:\Dalhousie\ASD (5308)\Assignment 1\camel-language-server\src\main\java\com\github\cameltooling\lsp\internal\completion\CamelComponentIdsCompletionsFuture.java,29
camel-language-server,com.github.cameltooling.lsp.internal.completion,CamelComponentOptionNamesCompletionFuture,4,0,4,2,42,6,0,0,0.0,0,6,C:\Dalhousie\ASD (5308)\Assignment 1\camel-language-server\src\main\java\com\github\cameltooling\lsp\internal\completion\CamelComponentOptionNamesCompletionFuture.java,33
camel-language-server,com.github.cameltooling.lsp.internal.completion,CamelComponentOptionValuesCompletionsFuture,3,0,4,2,49,10,0,0,0.0,0,6,C:\Dalhousie\ASD (5308)\Assignment 1\camel-language-server\src\main\java\com\github\cameltooling\lsp\internal\completion\CamelComponentOptionValuesCompletionsFuture.java,35
camel-language-server,com.github.cameltooling.lsp.internal.completion,CamelComponentSchemesCompletionsFuture,4,0,4,2,43,6,0,0,0.0,0,6,C:\Dalhousie\ASD (5308)\Assignment 1\camel-language-server\src\main\java\com\github\cameltooling\lsp\internal\completion\CamelComponentSchemesCompletionsFuture.java,35
camel-language-server,com.github.cameltooling.lsp.internal.completion,CamelEndpointCompletionProcessor,5,1,3,2,35,6,0,0,0.0,1,6,C:\Dalhousie\ASD (5308)\Assignment 1\camel-language-server\src\main\java\com\github\cameltooling\lsp\internal\completion\CamelEndpointCompletionProcessor.java,37
camel-language-server,com.github.cameltooling.lsp.internal.completion,CamelOptionNamesCompletionsFuture,8,0,14,2,166,29,0,0,0.0,0,9,C:\Dalhousie\ASD (5308)\Assignment 1\camel-language-server\src\main\java\com\github\cameltooling\lsp\internal\completion\CamelOptionNamesCompletionsFuture.java,50
camel-language-server,com.github.cameltooling.lsp.internal.completion,CamelOptionValuesCompletionsFuture,4,0,5,2,104,15,0,0,0.0,0,7,C:\Dalhousie\ASD (5308)\Assignment 1\camel-language-server\src\main\java\com\github\cameltooling\lsp\internal\completion\CamelOptionValuesCompletionsFuture.java,42
camel-language-server,com.github.cameltooling.lsp.internal.completion,CamelPropertiesCompletionProcessor,2,0,2,2,15,3,0,0,0.0,0,3,C:\Dalhousie\ASD (5308)\Assignment 1\camel-language-server\src\main\java\com\github\cameltooling\lsp\internal\completion\CamelPropertiesCompletionProcessor.java,33
camel-language-server,com.github.cameltooling.lsp.internal.completion,CompletionItemCreator,0,0,2,1,19,3,0,0,-1.0,0,2,C:\Dalhousie\ASD (5308)\Assignment 1\camel-language-server\src\main\java\com\github\cameltooling\lsp\internal\completion\CompletionItemCreator.java,23
camel-language-server,com.github.cameltooling.lsp.internal.completion,CompletionResolverUtils,0,0,4,3,45,11,0,0,-1.0,17,4,C:\Dalhousie\ASD (5308)\Assignment 1\camel-language-server\src\main\java\com\github\cameltooling\lsp\internal\completion\CompletionResolverUtils.java,38
camel-language-server,com.github.cameltooling.lsp.internal.completion,FilterPredicateUtils,0,0,5,4,71,10,0,0,-1.0,11,0,C:\Dalhousie\ASD (5308)\Assignment 1\camel-language-server\src\main\java\com\github\cameltooling\lsp\internal\completion\FilterPredicateUtils.java,28
camel-language-server,com.github.cameltooling.lsp.internal.completion,KameletTemplateIdCompletionProvider,1,0,3,2,31,5,0,0,0.0,0,3,C:\Dalhousie\ASD (5308)\Assignment 1\camel-language-server\src\main\java\com\github\cameltooling\lsp\internal\completion\KameletTemplateIdCompletionProvider.java,34
camel-language-server,com.github.cameltooling.lsp.internal.completion,PomCompletionProcessor,3,0,5,2,89,13,0,0,0.0,0,3,C:\Dalhousie\ASD (5308)\Assignment 1\camel-language-server\src\main\java\com\github\cameltooling\lsp\internal\completion\PomCompletionProcessor.java,34
camel-language-server,com.github.cameltooling.lsp.internal.completion,VSCodeTasksCompletionProcessor,1,0,5,2,69,12,0,0,0.0,0,2,C:\Dalhousie\ASD (5308)\Assignment 1\camel-language-server\src\main\java\com\github\cameltooling\lsp\internal\completion\VSCodeTasksCompletionProcessor.java,41
camel-language-server,com.github.cameltooling.lsp.internal.completion,CamelCompletionForApisTest,2,1,12,0,102,12,0,0,0.8333333333333334,1,2,C:\Dalhousie\ASD (5308)\Assignment 1\camel-language-server\src\test\java\com\github\cameltooling\lsp\internal\completion\CamelCompletionForApisTest.java,40
camel-language-server,com.github.cameltooling.lsp.internal.completion,CamelCompletionInsertAndReplaceTest,0,0,2,0,31,3,0,0,-1.0,0,2,C:\Dalhousie\ASD (5308)\Assignment 1\camel-language-server\src\test\java\com\github\cameltooling\lsp\internal\completion\CamelCompletionInsertAndReplaceTest.java,36
camel-language-server,com.github.cameltooling.lsp.internal.completion,CamelCompletionRobustnessTest,0,0,1,0,6,1,0,0,-1.0,0,2,C:\Dalhousie\ASD (5308)\Assignment 1\camel-language-server\src\test\java\com\github\cameltooling\lsp\internal\completion\CamelCompletionRobustnessTest.java,28
camel-language-server,com.github.cameltooling.lsp.internal.completion,CamelComponentOptionBooleanValuesTest,0,0,2,0,18,5,0,0,-1.0,0,2,C:\Dalhousie\ASD (5308)\Assignment 1\camel-language-server\src\test\java\com\github\cameltooling\lsp\internal\completion\CamelComponentOptionBooleanValuesTest.java,36
camel-language-server,com.github.cameltooling.lsp.internal.completion,CamelComponentOptionEnumerationValuesTest,0,0,3,0,15,3,0,0,-1.0,0,2,C:\Dalhousie\ASD (5308)\Assignment 1\camel-language-server\src\test\java\com\github\cameltooling\lsp\internal\completion\CamelComponentOptionEnumerationValuesTest.java,38
camel-language-server,com.github.cameltooling.lsp.internal.completion,CamelComponentOptionsCompletionsTest,0,0,9,0,60,9,0,0,-1.0,0,2,C:\Dalhousie\ASD (5308)\Assignment 1\camel-language-server\src\test\java\com\github\cameltooling\lsp\internal\completion\CamelComponentOptionsCompletionsTest.java,40
camel-language-server,com.github.cameltooling.lsp.internal.completion,CamelDeprecationIndicatorInCompletionTest,0,0,3,0,22,3,0,0,-1.0,0,2,C:\Dalhousie\ASD (5308)\Assignment 1\camel-language-server\src\test\java\com\github\cameltooling\lsp\internal\completion\CamelDeprecationIndicatorInCompletionTest.java,36
camel-language-server,com.github.cameltooling.lsp.internal.completion,CamelEndpointOptionDuplicateTest,0,0,2,1,20,4,0,0,-1.0,0,2,C:\Dalhousie\ASD (5308)\Assignment 1\camel-language-server\src\test\java\com\github\cameltooling\lsp\internal\completion\CamelEndpointOptionDuplicateTest.java,38
camel-language-server,com.github.cameltooling.lsp.internal.completion,CamelEndpointUriCompletionTest,0,0,2,1,18,4,0,0,-1.0,0,1,C:\Dalhousie\ASD (5308)\Assignment 1\camel-language-server\src\test\java\com\github\cameltooling\lsp\internal\completion\CamelEndpointUriCompletionTest.java,39
camel-language-server,com.github.cameltooling.lsp.internal.completion,CamelKubernetesServicesCompletionTest,1,0,20,0,156,20,0,0,0.1,0,3,C:\Dalhousie\ASD (5308)\Assignment 1\camel-language-server\src\test\java\com\github\cameltooling\lsp\internal\completion\CamelKubernetesServicesCompletionTest.java,46
camel-language-server,com.github.cameltooling.lsp.internal.completion,CamelLanguageServerCompletionPositionTest,0,0,3,1,24,4,0,0,-1.0,0,1,C:\Dalhousie\ASD (5308)\Assignment 1\camel-language-server\src\test\java\com\github\cameltooling\lsp\internal\completion\CamelLanguageServerCompletionPositionTest.java,41
camel-language-server,com.github.cameltooling.lsp.internal.completion,CompleteIdOnDirectEndpointsTest,0,0,2,0,64,4,0,0,-1.0,0,1,C:\Dalhousie\ASD (5308)\Assignment 1\camel-language-server\src\test\java\com\github\cameltooling\lsp\internal\completion\CompleteIdOnDirectEndpointsTest.java,32
camel-language-server,com.github.cameltooling.lsp.internal.completion,CompleteIdOnDirectEndpointsTest.VMCompletionPre4X,0,0,0,0,37,0,0,0,-1.0,0,0,C:\Dalhousie\ASD (5308)\Assignment 1\camel-language-server\src\test\java\com\github\cameltooling\lsp\internal\completion\CompleteIdOnDirectEndpointsTest.java,64
camel-language-server,com.github.cameltooling.lsp.internal.completion,KameletCompletionTest,0,0,10,0,63,10,0,0,-1.0,0,1,C:\Dalhousie\ASD (5308)\Assignment 1\camel-language-server\src\test\java\com\github\cameltooling\lsp\internal\completion\KameletCompletionTest.java,36
camel-language-server,com.github.cameltooling.lsp.internal.completion,KNativeConnectedCompletionTest,1,0,7,0,48,7,0,0,0.2857142857142857,0,3,C:\Dalhousie\ASD (5308)\Assignment 1\camel-language-server\src\test\java\com\github\cameltooling\lsp\internal\completion\KNativeConnectedCompletionTest.java,43
camel-language-server,com.github.cameltooling.lsp.internal.completion,PomCompletionTest,0,0,4,0,75,4,0,0,-1.0,0,1,C:\Dalhousie\ASD (5308)\Assignment 1\camel-language-server\src\test\java\com\github\cameltooling\lsp\internal\completion\PomCompletionTest.java,30
camel-language-server,com.github.cameltooling.lsp.internal.completion,TwitterGeographySearchCompletionTest,1,0,2,0,21,2,0,0,0.0,0,1,C:\Dalhousie\ASD (5308)\Assignment 1\camel-language-server\src\test\java\com\github\cameltooling\lsp\internal\completion\TwitterGeographySearchCompletionTest.java,31
camel-language-server,com.github.cameltooling.lsp.internal.completion,TwitterTimelineCompletionTest,0,0,1,0,7,1,0,0,-1.0,0,1,C:\Dalhousie\ASD (5308)\Assignment 1\camel-language-server\src\test\java\com\github\cameltooling\lsp\internal\completion\TwitterTimelineCompletionTest.java,31
camel-language-server,com.github.cameltooling.lsp.internal.completion,VSCodeTasksJsonTest,0,0,3,0,59,3,0,0,-1.0,0,1,C:\Dalhousie\ASD (5308)\Assignment 1\camel-language-server\src\test\java\com\github\cameltooling\lsp\internal\completion\VSCodeTasksJsonTest.java,30
camel-language-server,com.github.cameltooling.lsp.internal.completion.modeline,CamelKModelineCompletionprocessor,2,0,2,2,12,2,0,0,0.0,0,1,C:\Dalhousie\ASD (5308)\Assignment 1\camel-language-server\src\main\java\com\github\cameltooling\lsp\internal\completion\modeline\CamelKModelineCompletionprocessor.java,30
camel-language-server,com.github.cameltooling.lsp.internal.completion.modeline,CamelKModelineFileType,5,0,10,6,47,10,0,0,0.4,2,0,C:\Dalhousie\ASD (5308)\Assignment 1\camel-language-server\src\main\java\com\github\cameltooling\lsp\internal\completion\modeline\CamelKModelineFileType.java,27
camel-language-server,com.github.cameltooling.lsp.internal.completion.modeline,CamelKModelineInsertionProcessor,1,0,3,2,16,3,0,0,0.0,0,1,C:\Dalhousie\ASD (5308)\Assignment 1\camel-language-server\src\main\java\com\github\cameltooling\lsp\internal\completion\modeline\CamelKModelineInsertionProcessor.java,26
camel-language-server,com.github.cameltooling.lsp.internal.completion.modeline,CamelKModelineOptionNames,10,7,5,3,47,6,0,0,0.8,8,1,C:\Dalhousie\ASD (5308)\Assignment 1\camel-language-server\src\main\java\com\github\cameltooling\lsp\internal\completion\modeline\CamelKModelineOptionNames.java,30
camel-language-server,com.github.cameltooling.lsp.internal.completion.modeline,CamelKModelineCamelComponentPropertyTest,0,0,9,0,87,9,0,0,-1.0,0,1,C:\Dalhousie\ASD (5308)\Assignment 1\camel-language-server\src\test\java\com\github\cameltooling\lsp\internal\completion\modeline\CamelKModelineCamelComponentPropertyTest.java,38
camel-language-server,com.github.cameltooling.lsp.internal.completion.modeline,CamelKModelineCamelOpenAPITest,1,0,3,0,33,3,0,0,0.0,0,1,C:\Dalhousie\ASD (5308)\Assignment 1\camel-language-server\src\test\java\com\github\cameltooling\lsp\internal\completion\modeline\CamelKModelineCamelOpenAPITest.java,39
camel-language-server,com.github.cameltooling.lsp.internal.completion.modeline,CamelKModelineCamelPropertyFileTest,1,0,5,0,46,5,0,0,0.4,0,1,C:\Dalhousie\ASD (5308)\Assignment 1\camel-language-server\src\test\java\com\github\cameltooling\lsp\internal\completion\modeline\CamelKModelineCamelPropertyFileTest.java,39
camel-language-server,com.github.cameltooling.lsp.internal.completion.modeline,CamelKModelineCamelResourceTest,1,0,5,0,52,5,0,0,0.4,0,1,C:\Dalhousie\ASD (5308)\Assignment 1\camel-language-server\src\test\java\com\github\cameltooling\lsp\internal\completion\modeline\CamelKModelineCamelResourceTest.java,39
camel-language-server,com.github.cameltooling.lsp.internal.completion.modeline,CamelKModelineCompletionTest,0,0,7,0,49,7,0,0,-1.0,0,1,C:\Dalhousie\ASD (5308)\Assignment 1\camel-language-server\src\test\java\com\github\cameltooling\lsp\internal\completion\modeline\CamelKModelineCompletionTest.java,34
camel-language-server,com.github.cameltooling.lsp.internal.completion.modeline,CamelKModelineConfigOptionTest,1,0,4,0,41,4,0,0,0.5,0,1,C:\Dalhousie\ASD (5308)\Assignment 1\camel-language-server\src\test\java\com\github\cameltooling\lsp\internal\completion\modeline\CamelKModelineConfigOptionTest.java,39
camel-language-server,com.github.cameltooling.lsp.internal.completion.modeline,CamelKModelineDependencyCompletionTest,0,0,7,0,75,7,0,0,-1.0,0,1,C:\Dalhousie\ASD (5308)\Assignment 1\camel-language-server\src\test\java\com\github\cameltooling\lsp\internal\completion\modeline\CamelKModelineDependencyCompletionTest.java,36
camel-language-server,com.github.cameltooling.lsp.internal.completion.modeline,CamelKModelineInsertionTest,2,0,4,0,236,4,0,0,1.0,0,1,C:\Dalhousie\ASD (5308)\Assignment 1\camel-language-server\src\test\java\com\github\cameltooling\lsp\internal\completion\modeline\CamelKModelineInsertionTest.java,17
camel-language-server,com.github.cameltooling.lsp.internal.completion.modeline,CamelKModelineInsertionTest.EmptyFileTest,0,0,0,0,46,0,0,0,-1.0,0,0,C:\Dalhousie\ASD (5308)\Assignment 1\camel-language-server\src\test\java\com\github\cameltooling\lsp\internal\completion\modeline\CamelKModelineInsertionTest.java,22
camel-language-server,com.github.cameltooling.lsp.internal.completion.modeline,CamelKModelineInsertionTest.FileWithCommentsTest,0,0,0,0,99,0,0,0,-1.0,0,0,C:\Dalhousie\ASD (5308)\Assignment 1\camel-language-server\src\test\java\com\github\cameltooling\lsp\internal\completion\modeline\CamelKModelineInsertionTest.java,94
camel-language-server,com.github.cameltooling.lsp.internal.completion.modeline,CamelKModelineInsertionTest.XMLTest,0,0,0,0,30,0,0,0,-1.0,0,0,C:\Dalhousie\ASD (5308)\Assignment 1\camel-language-server\src\test\java\com\github\cameltooling\lsp\internal\completion\modeline\CamelKModelineInsertionTest.java,97
camel-language-server,com.github.cameltooling.lsp.internal.completion.modeline,CamelKModelineInsertionTest.YAMLTest,0,0,0,0,23,0,0,0,-1.0,0,0,C:\Dalhousie\ASD (5308)\Assignment 1\camel-language-server\src\test\java\com\github\cameltooling\lsp\internal\completion\modeline\CamelKModelineInsertionTest.java,144
camel-language-server,com.github.cameltooling.lsp.internal.completion.modeline,CamelKModelineInsertionTest.JavaTest,0,0,0,0,44,0,0,0,-1.0,0,0,C:\Dalhousie\ASD (5308)\Assignment 1\camel-language-server\src\test\java\com\github\cameltooling\lsp\internal\completion\modeline\CamelKModelineInsertionTest.java,180
camel-language-server,com.github.cameltooling.lsp.internal.completion.modeline,CamelKModelineInsertionTest.ModelineAlreadyPresentTest,0,0,0,0,44,0,0,0,-1.0,0,0,C:\Dalhousie\ASD (5308)\Assignment 1\camel-language-server\src\test\java\com\github\cameltooling\lsp\internal\completion\modeline\CamelKModelineInsertionTest.java,250
camel-language-server,com.github.cameltooling.lsp.internal.completion.modeline,CamelKModelineInsertionTest.MidFilePositionTest,0,0,0,0,9,0,0,0,-1.0,0,0,C:\Dalhousie\ASD (5308)\Assignment 1\camel-language-server\src\test\java\com\github\cameltooling\lsp\internal\completion\modeline\CamelKModelineInsertionTest.java,319
camel-language-server,com.github.cameltooling.lsp.internal.completion.modeline,CamelKModelineInsertionTest.FileType,2,0,0,0,18,0,0,0,-1.0,0,0,C:\Dalhousie\ASD (5308)\Assignment 1\camel-language-server\src\test\java\com\github\cameltooling\lsp\internal\completion\modeline\CamelKModelineInsertionTest.java,357
camel-language-server,com.github.cameltooling.lsp.internal.completion.modeline,CamelKModelinePropertyTest,0,0,2,0,17,2,0,0,-1.0,0,1,C:\Dalhousie\ASD (5308)\Assignment 1\camel-language-server\src\test\java\com\github\cameltooling\lsp\internal\completion\modeline\CamelKModelinePropertyTest.java,34
camel-language-server,com.github.cameltooling.lsp.internal.completion.modeline,CamelKModelineTraitDefinitionNameTest,1,0,7,0,53,7,0,0,0.2857142857142857,0,1,C:\Dalhousie\ASD (5308)\Assignment 1\camel-language-server\src\test\java\com\github\cameltooling\lsp\internal\completion\modeline\CamelKModelineTraitDefinitionNameTest.java,36
camel-language-server,com.github.cameltooling.lsp.internal.completion.modeline,CamelKModelineTraitPropertyNameTest,0,0,9,0,71,9,0,0,-1.0,0,1,C:\Dalhousie\ASD (5308)\Assignment 1\camel-language-server\src\test\java\com\github\cameltooling\lsp\internal\completion\modeline\CamelKModelineTraitPropertyNameTest.java,41
camel-language-server,com.github.cameltooling.lsp.internal.completion.traits,CamelKTraitManager,2,0,11,5,88,18,0,0,0.36363636363636365,3,5,C:\Dalhousie\ASD (5308)\Assignment 1\camel-language-server\src\main\java\com\github\cameltooling\lsp\internal\completion\traits\CamelKTraitManager.java,39
camel-language-server,com.github.cameltooling.lsp.internal.completion.traits,TraitDefinition,5,0,7,6,37,8,0,0,0.5714285714285714,0,3,C:\Dalhousie\ASD (5308)\Assignment 1\camel-language-server\src\main\java\com\github\cameltooling\lsp\internal\completion\traits\TraitDefinition.java,27
camel-language-server,com.github.cameltooling.lsp.internal.completion.traits,TraitProperty,4,0,4,3,39,7,0,0,0.0,0,3,C:\Dalhousie\ASD (5308)\Assignment 1\camel-language-server\src\main\java\com\github\cameltooling\lsp\internal\completion\traits\TraitProperty.java,25
camel-language-server,com.github.cameltooling.lsp.internal.definition,DefinitionProcessor,3,0,3,2,39,9,0,0,0.0,0,2,C:\Dalhousie\ASD (5308)\Assignment 1\camel-language-server\src\main\java\com\github\cameltooling\lsp\internal\definition\DefinitionProcessor.java,39
camel-language-server,com.github.cameltooling.lsp.internal.definition,DefinitionProcessorTest,3,0,4,0,30,4,0,0,0.75,0,1,C:\Dalhousie\ASD (5308)\Assignment 1\camel-language-server\src\test\java\com\github\cameltooling\lsp\internal\definition\DefinitionProcessorTest.java,33
camel-language-server,com.github.cameltooling.lsp.internal.diagnostic,CamelKModelineDiagnosticService,0,0,3,2,42,9,0,1,-1.0,1,2,C:\Dalhousie\ASD (5308)\Assignment 1\camel-language-server\src\main\java\com\github\cameltooling\lsp\internal\diagnostic\CamelKModelineDiagnosticService.java,37
camel-language-server,com.github.cameltooling.lsp.internal.diagnostic,ConfigurationPropertiesDiagnosticService,0,0,7,3,98,18,0,1,-1.0,1,0,C:\Dalhousie\ASD (5308)\Assignment 1\camel-language-server\src\main\java\com\github\cameltooling\lsp\internal\diagnostic\ConfigurationPropertiesDiagnosticService.java,46
camel-language-server,com.github.cameltooling.lsp.internal.diagnostic,ConnectedModeDiagnosticService,0,0,2,2,19,5,0,1,-1.0,1,1,C:\Dalhousie\ASD (5308)\Assignment 1\camel-language-server\src\main\java\com\github\cameltooling\lsp\internal\diagnostic\ConnectedModeDiagnosticService.java,31
camel-language-server,com.github.cameltooling.lsp.internal.diagnostic,DiagnosticRunner,6,0,7,6,64,10,0,0,0.0,0,5,C:\Dalhousie\ASD (5308)\Assignment 1\camel-language-server\src\main\java\com\github\cameltooling\lsp\internal\diagnostic\DiagnosticRunner.java,32
camel-language-server,com.github.cameltooling.lsp.internal.diagnostic,DiagnosticService,5,3,8,0,98,19,4,0,0.625,4,2,C:\Dalhousie\ASD (5308)\Assignment 1\camel-language-server\src\main\java\com\github\cameltooling\lsp\internal\diagnostic\DiagnosticService.java,47
camel-language-server,com.github.cameltooling.lsp.internal.diagnostic,EndpointDiagnosticService,0,0,10,3,107,23,0,1,-1.0,1,1,C:\Dalhousie\ASD (5308)\Assignment 1\camel-language-server\src\main\java\com\github\cameltooling\lsp\internal\diagnostic\EndpointDiagnosticService.java,47
camel-language-server,com.github.cameltooling.lsp.internal.diagnostic,AbstractDiagnosticTest,3,0,5,0,28,6,4,0,0.6,0,1,C:\Dalhousie\ASD (5308)\Assignment 1\camel-language-server\src\test\java\com\github\cameltooling\lsp\internal\diagnostic\AbstractDiagnosticTest.java,38
camel-language-server,com.github.cameltooling.lsp.internal.diagnostic,CamelDiagnosticTest,0,0,24,0,125,24,0,1,-1.0,0,1,C:\Dalhousie\ASD (5308)\Assignment 1\camel-language-server\src\test\java\com\github\cameltooling\lsp\internal\diagnostic\CamelDiagnosticTest.java,37
camel-language-server,com.github.cameltooling.lsp.internal.diagnostic,CamelKModelineDiagnosticTest,0,0,4,1,26,4,0,1,-1.0,0,0,C:\Dalhousie\ASD (5308)\Assignment 1\camel-language-server\src\test\java\com\github\cameltooling\lsp\internal\diagnostic\CamelKModelineDiagnosticTest.java,29
camel-language-server,com.github.cameltooling.lsp.internal.diagnostic,CamelPropertiesDiagnosticTest,0,0,7,0,31,7,0,1,-1.0,0,0,C:\Dalhousie\ASD (5308)\Assignment 1\camel-language-server\src\test\java\com\github\cameltooling\lsp\internal\diagnostic\CamelPropertiesDiagnosticTest.java,27
camel-language-server,com.github.cameltooling.lsp.internal.diagnostic,ConnectedModeDiagnosticTest,0,0,4,0,22,4,0,1,-1.0,0,0,C:\Dalhousie\ASD (5308)\Assignment 1\camel-language-server\src\test\java\com\github\cameltooling\lsp\internal\diagnostic\ConnectedModeDiagnosticTest.java,22
camel-language-server,com.github.cameltooling.lsp.internal.documentsymbol,AbstractDocumentSymbolProcessor,1,0,4,0,26,6,2,0,0.5,0,1,C:\Dalhousie\ASD (5308)\Assignment 1\camel-language-server\src\main\java\com\github\cameltooling\lsp\internal\documentsymbol\AbstractDocumentSymbolProcessor.java,34
camel-language-server,com.github.cameltooling.lsp.internal.documentsymbol,DocumentSymbolJavaProcessor,1,0,2,2,23,3,0,1,1.0,0,0,C:\Dalhousie\ASD (5308)\Assignment 1\camel-language-server\src\main\java\com\github\cameltooling\lsp\internal\documentsymbol\DocumentSymbolJavaProcessor.java,38
camel-language-server,com.github.cameltooling.lsp.internal.documentsymbol,DocumentSymbolProcessor,1,0,2,2,19,4,0,0,0.0,0,0,C:\Dalhousie\ASD (5308)\Assignment 1\camel-language-server\src\main\java\com\github\cameltooling\lsp\internal\documentsymbol\DocumentSymbolProcessor.java,28
camel-language-server,com.github.cameltooling.lsp.internal.documentsymbol,DocumentSymbolXMLProcessor,4,0,5,2,55,9,0,1,0.4,0,1,C:\Dalhousie\ASD (5308)\Assignment 1\camel-language-server\src\main\java\com\github\cameltooling\lsp\internal\documentsymbol\DocumentSymbolXMLProcessor.java,40
camel-language-server,com.github.cameltooling.lsp.internal.documentsymbol,DocumentSymbolProcessorTest,1,0,18,0,104,18,0,0,0.3888888888888889,0,1,C:\Dalhousie\ASD (5308)\Assignment 1\camel-language-server\src\test\java\com\github\cameltooling\lsp\internal\documentsymbol\DocumentSymbolProcessorTest.java,41
camel-language-server,com.github.cameltooling.lsp.internal.folding,FoldingRangeProcessor,2,0,4,1,38,7,0,0,0.5,0,1,C:\Dalhousie\ASD (5308)\Assignment 1\camel-language-server\src\main\java\com\github\cameltooling\lsp\internal\folding\FoldingRangeProcessor.java,41
camel-language-server,com.github.cameltooling.lsp.internal.folding,FoldingRangeChoiceTest,0,0,3,0,24,3,0,0,-1.0,0,1,C:\Dalhousie\ASD (5308)\Assignment 1\camel-language-server\src\test\java\com\github\cameltooling\lsp\internal\folding\FoldingRangeChoiceTest.java,30
camel-language-server,com.github.cameltooling.lsp.internal.folding,FoldingRangeRouteTest,0,0,5,0,36,5,0,0,-1.0,0,1,C:\Dalhousie\ASD (5308)\Assignment 1\camel-language-server\src\test\java\com\github\cameltooling\lsp\internal\folding\FoldingRangeRouteTest.java,32
camel-language-server,com.github.cameltooling.lsp.internal.hover,CamelKModelineHoverProcessor,1,0,2,2,11,2,0,0,0.0,0,1,C:\Dalhousie\ASD (5308)\Assignment 1\camel-language-server\src\main\java\com\github\cameltooling\lsp\internal\hover\CamelKModelineHoverProcessor.java,29
camel-language-server,com.github.cameltooling.lsp.internal.hover,CamelPropertiesFileHoverProcessor,1,0,2,2,11,2,0,0,0.0,0,2,C:\Dalhousie\ASD (5308)\Assignment 1\camel-language-server\src\main\java\com\github\cameltooling\lsp\internal\hover\CamelPropertiesFileHoverProcessor.java,30
camel-language-server,com.github.cameltooling.lsp.internal.hover,CamelURIHoverFuture,2,0,2,2,20,3,0,0,0.0,0,4,C:\Dalhousie\ASD (5308)\Assignment 1\camel-language-server\src\main\java\com\github\cameltooling\lsp\internal\hover\CamelURIHoverFuture.java,33
camel-language-server,com.github.cameltooling.lsp.internal.hover,CamelURIHoverProcessor,4,0,2,2,30,4,0,0,0.0,0,6,C:\Dalhousie\ASD (5308)\Assignment 1\camel-language-server\src\main\java\com\github\cameltooling\lsp\internal\hover\CamelURIHoverProcessor.java,35
camel-language-server,com.github.cameltooling.lsp.internal.hover,CamelApiBasedComponentHoverTest,0,0,2,0,13,2,0,0,-1.0,0,3,C:\Dalhousie\ASD (5308)\Assignment 1\camel-language-server\src\test\java\com\github\cameltooling\lsp\internal\hover\CamelApiBasedComponentHoverTest.java,35
camel-language-server,com.github.cameltooling.lsp.internal.hover,CamelKModelineCamelComponentDependencyTest,0,0,3,0,20,3,0,0,-1.0,0,1,C:\Dalhousie\ASD (5308)\Assignment 1\camel-language-server\src\test\java\com\github\cameltooling\lsp\internal\hover\CamelKModelineCamelComponentDependencyTest.java,33
camel-language-server,com.github.cameltooling.lsp.internal.hover,CamelKModelineComponentPropertyHoverTest,0,0,7,0,34,8,0,0,-1.0,0,1,C:\Dalhousie\ASD (5308)\Assignment 1\camel-language-server\src\test\java\com\github\cameltooling\lsp\internal\hover\CamelKModelineComponentPropertyHoverTest.java,35
camel-language-server,com.github.cameltooling.lsp.internal.hover,CamelKModelineOptionNamesHoverTest,0,0,3,0,20,3,0,0,-1.0,0,1,C:\Dalhousie\ASD (5308)\Assignment 1\camel-language-server\src\test\java\com\github\cameltooling\lsp\internal\hover\CamelKModelineOptionNamesHoverTest.java,33
camel-language-server,com.github.cameltooling.lsp.internal.hover,CamelKModelineTraitHoverTest,0,0,11,0,50,11,0,0,-1.0,0,1,C:\Dalhousie\ASD (5308)\Assignment 1\camel-language-server\src\test\java\com\github\cameltooling\lsp\internal\hover\CamelKModelineTraitHoverTest.java,35
camel-language-server,com.github.cameltooling.lsp.internal.hover,CamelLanguageServerHoverTest,0,0,13,0,80,13,0,0,-1.0,0,2,C:\Dalhousie\ASD (5308)\Assignment 1\camel-language-server\src\test\java\com\github\cameltooling\lsp\internal\hover\CamelLanguageServerHoverTest.java,35
camel-language-server,com.github.cameltooling.lsp.internal.hover,CamelPropertiesFileHoverTest,0,0,10,0,51,10,0,0,-1.0,0,2,C:\Dalhousie\ASD (5308)\Assignment 1\camel-language-server\src\test\java\com\github\cameltooling\lsp\internal\hover\CamelPropertiesFileHoverTest.java,38
camel-language-server,com.github.cameltooling.lsp.internal.hover,KameletHoverTest,0,0,2,0,11,2,0,0,-1.0,0,2,C:\Dalhousie\ASD (5308)\Assignment 1\camel-language-server\src\test\java\com\github\cameltooling\lsp\internal\hover\KameletHoverTest.java,38
camel-language-server,com.github.cameltooling.lsp.internal.instancemodel,CamelComponentAndPathUriInstance,7,0,15,10,138,30,0,2,0.13333333333333333,3,7,C:\Dalhousie\ASD (5308)\Assignment 1\camel-language-server\src\main\java\com\github\cameltooling\lsp\internal\instancemodel\CamelComponentAndPathUriInstance.java,34
camel-language-server,com.github.cameltooling.lsp.internal.instancemodel,CamelComponentURIInstance,2,0,5,5,24,5,0,2,0.4,1,5,C:\Dalhousie\ASD (5308)\Assignment 1\camel-language-server\src\main\java\com\github\cameltooling\lsp\internal\instancemodel\CamelComponentURIInstance.java,30
camel-language-server,com.github.cameltooling.lsp.internal.instancemodel,CamelUriElementInstance,3,0,16,13,78,23,7,1,0.3125,9,8,C:\Dalhousie\ASD (5308)\Assignment 1\camel-language-server\src\main\java\com\github\cameltooling\lsp\internal\instancemodel\CamelUriElementInstance.java,38
camel-language-server,com.github.cameltooling.lsp.internal.instancemodel,CamelURIInstance,6,0,20,17,131,31,0,2,0.2,18,8,C:\Dalhousie\ASD (5308)\Assignment 1\camel-language-server\src\main\java\com\github\cameltooling\lsp\internal\instancemodel\CamelURIInstance.java,38
camel-language-server,com.github.cameltooling.lsp.internal.instancemodel,ComponentNameConstants,3,3,1,0,7,1,0,0,0.0,4,0,C:\Dalhousie\ASD (5308)\Assignment 1\camel-language-server\src\main\java\com\github\cameltooling\lsp\internal\instancemodel\ComponentNameConstants.java,19
camel-language-server,com.github.cameltooling.lsp.internal.instancemodel,DSLModelHelper,0,0,2,2,4,2,4,0,-1.0,1,0,C:\Dalhousie\ASD (5308)\Assignment 1\camel-language-server\src\main\java\com\github\cameltooling\lsp\internal\instancemodel\DSLModelHelper.java,19
camel-language-server,com.github.cameltooling.lsp.internal.instancemodel,ILineRangeDefineable,0,0,5,5,14,5,11,0,-1.0,3,0,C:\Dalhousie\ASD (5308)\Assignment 1\camel-language-server\src\main\java\com\github\cameltooling\lsp\internal\instancemodel\ILineRangeDefineable.java,26
camel-language-server,com.github.cameltooling.lsp.internal.instancemodel,JavaDSLModelHelper,1,0,3,3,12,3,0,1,0.6666666666666666,1,0,C:\Dalhousie\ASD (5308)\Assignment 1\camel-language-server\src\main\java\com\github\cameltooling\lsp\internal\instancemodel\JavaDSLModelHelper.java,19
camel-language-server,com.github.cameltooling.lsp.internal.instancemodel,KnativeCompletionProvider,3,0,1,1,45,5,0,0,0.0,0,3,C:\Dalhousie\ASD (5308)\Assignment 1\camel-language-server\src\main\java\com\github\cameltooling\lsp\internal\instancemodel\KnativeCompletionProvider.java,31
camel-language-server,com.github.cameltooling.lsp.internal.instancemodel,OptionParamKeyURIInstance,2,0,9,7,50,11,0,2,0.0,2,5,C:\Dalhousie\ASD (5308)\Assignment 1\camel-language-server\src\main\java\com\github\cameltooling\lsp\internal\instancemodel\OptionParamKeyURIInstance.java,33
camel-language-server,com.github.cameltooling.lsp.internal.instancemodel,OptionParamURIInstance,4,1,10,9,77,18,0,2,0.2,4,9,C:\Dalhousie\ASD (5308)\Assignment 1\camel-language-server\src\main\java\com\github\cameltooling\lsp\internal\instancemodel\OptionParamURIInstance.java,36
camel-language-server,com.github.cameltooling.lsp.internal.instancemodel,OptionParamValueURIInstance,2,0,8,7,46,10,0,2,0.0,2,5,C:\Dalhousie\ASD (5308)\Assignment 1\camel-language-server\src\main\java\com\github\cameltooling\lsp\internal\instancemodel\OptionParamValueURIInstance.java,32
camel-language-server,com.github.cameltooling.lsp.internal.instancemodel,PathParamURIInstance,4,0,16,12,164,33,0,2,0.125,5,11,C:\Dalhousie\ASD (5308)\Assignment 1\camel-language-server\src\main\java\com\github\cameltooling\lsp\internal\instancemodel\PathParamURIInstance.java,48
camel-language-server,com.github.cameltooling.lsp.internal.instancemodel,PropertiesDSLModelHelper,1,0,3,3,12,3,0,1,0.6666666666666666,0,0,C:\Dalhousie\ASD (5308)\Assignment 1\camel-language-server\src\main\java\com\github\cameltooling\lsp\internal\instancemodel\PropertiesDSLModelHelper.java,19
camel-language-server,com.github.cameltooling.lsp.internal.instancemodel,ReferenceUtils,1,0,3,2,22,4,0,0,1.0,3,2,C:\Dalhousie\ASD (5308)\Assignment 1\camel-language-server\src\main\java\com\github\cameltooling\lsp\internal\instancemodel\ReferenceUtils.java,17
camel-language-server,com.github.cameltooling.lsp.internal.instancemodel,XMLDSLModelHelper,1,0,3,3,17,4,0,1,0.6666666666666666,1,0,C:\Dalhousie\ASD (5308)\Assignment 1\camel-language-server\src\main\java\com\github\cameltooling\lsp\internal\instancemodel\XMLDSLModelHelper.java,21
camel-language-server,com.github.cameltooling.lsp.internal.instancemodel,YamlDSLModelHelper,1,0,3,3,12,3,0,1,0.6666666666666666,0,0,C:\Dalhousie\ASD (5308)\Assignment 1\camel-language-server\src\main\java\com\github\cameltooling\lsp\internal\instancemodel\YamlDSLModelHelper.java,19
camel-language-server,com.github.cameltooling.lsp.internal.instancemodel,CamelURIInstanceTest,0,0,20,0,168,24,0,0,-1.0,0,3,C:\Dalhousie\ASD (5308)\Assignment 1\camel-language-server\src\test\java\com\github\cameltooling\lsp\internal\instancemodel\CamelURIInstanceTest.java,26
camel-language-server,com.github.cameltooling.lsp.internal.instancemodel.propertiesfile,CamelComponentNamePropertyInstance,2,0,7,7,44,10,0,1,0.0,2,2,C:\Dalhousie\ASD (5308)\Assignment 1\camel-language-server\src\main\java\com\github\cameltooling\lsp\internal\instancemodel\propertiesfile\CamelComponentNamePropertyInstance.java,32
camel-language-server,com.github.cameltooling.lsp.internal.instancemodel.propertiesfile,CamelComponentParameterPropertyInstance,3,0,9,8,60,14,0,1,0.0,2,6,C:\Dalhousie\ASD (5308)\Assignment 1\camel-language-server\src\main\java\com\github\cameltooling\lsp\internal\instancemodel\propertiesfile\CamelComponentParameterPropertyInstance.java,34
camel-language-server,com.github.cameltooling.lsp.internal.instancemodel.propertiesfile,CamelComponentPropertyKey,4,0,12,11,72,17,0,1,0.0,4,4,C:\Dalhousie\ASD (5308)\Assignment 1\camel-language-server\src\main\java\com\github\cameltooling\lsp\internal\instancemodel\propertiesfile\CamelComponentPropertyKey.java,30
camel-language-server,com.github.cameltooling.lsp.internal.instancemodel.propertiesfile,CamelGroupPropertyKey,3,0,11,7,93,19,0,1,0.18181818181818182,1,3,C:\Dalhousie\ASD (5308)\Assignment 1\camel-language-server\src\main\java\com\github\cameltooling\lsp\internal\instancemodel\propertiesfile\CamelGroupPropertyKey.java,39
camel-language-server,com.github.cameltooling.lsp.internal.instancemodel.propertiesfile,CamelPropertyEntryInstance,5,0,11,8,71,15,0,1,0.0,3,4,C:\Dalhousie\ASD (5308)\Assignment 1\camel-language-server\src\main\java\com\github\cameltooling\lsp\internal\instancemodel\propertiesfile\CamelPropertyEntryInstance.java,36
camel-language-server,com.github.cameltooling.lsp.internal.instancemodel.propertiesfile,CamelPropertyKeyInstance,6,0,17,12,128,27,0,1,0.0,4,6,C:\Dalhousie\ASD (5308)\Assignment 1\camel-language-server\src\main\java\com\github\cameltooling\lsp\internal\instancemodel\propertiesfile\CamelPropertyKeyInstance.java,47
camel-language-server,com.github.cameltooling.lsp.internal.instancemodel.propertiesfile,CamelPropertyValueInstance,2,0,9,8,36,9,0,1,0.2222222222222222,4,2,C:\Dalhousie\ASD (5308)\Assignment 1\camel-language-server\src\main\java\com\github\cameltooling\lsp\internal\instancemodel\propertiesfile\CamelPropertyValueInstance.java,32
camel-language-server,com.github.cameltooling.lsp.internal.instancemodel.propertiesfile,DashedCaseDetector,0,0,1,1,12,3,0,0,-1.0,0,0,C:\Dalhousie\ASD (5308)\Assignment 1\camel-language-server\src\main\java\com\github\cameltooling\lsp\internal\instancemodel\propertiesfile\DashedCaseDetector.java,19
camel-language-server,com.github.cameltooling.lsp.internal.instancemodel.propertiesfile,CamelPropertyEntryInstanceTest,0,0,6,0,26,6,0,0,-1.0,0,2,C:\Dalhousie\ASD (5308)\Assignment 1\camel-language-server\src\test\java\com\github\cameltooling\lsp\internal\instancemodel\propertiesfile\CamelPropertyEntryInstanceTest.java,27
camel-language-server,com.github.cameltooling.lsp.internal.instancemodel.propertiesfile,DashedCaseDetectorTest,0,0,10,0,32,10,0,0,-1.0,0,0,C:\Dalhousie\ASD (5308)\Assignment 1\camel-language-server\src\test\java\com\github\cameltooling\lsp\internal\instancemodel\propertiesfile\DashedCaseDetectorTest.java,23
camel-language-server,com.github.cameltooling.lsp.internal.kubernetes,KnativeConfigManager,2,0,4,3,18,5,0,0,0.75,2,0,C:\Dalhousie\ASD (5308)\Assignment 1\camel-language-server\src\main\java\com\github\cameltooling\lsp\internal\kubernetes\KnativeConfigManager.java,22
camel-language-server,com.github.cameltooling.lsp.internal.kubernetes,KubernetesConfigManager,2,0,4,3,26,5,0,0,0.75,2,0,C:\Dalhousie\ASD (5308)\Assignment 1\camel-language-server\src\main\java\com\github\cameltooling\lsp\internal\kubernetes\KubernetesConfigManager.java,23
camel-language-server,com.github.cameltooling.lsp.internal.modelinemodel,CamelKModeline,4,0,10,7,83,21,0,1,0.2,6,2,C:\Dalhousie\ASD (5308)\Assignment 1\camel-language-server\src\main\java\com\github\cameltooling\lsp\internal\modelinemodel\CamelKModeline.java,34
camel-language-server,com.github.cameltooling.lsp.internal.modelinemodel,CamelKModelineConfigFileOption,0,0,3,0,14,3,0,3,-1.0,1,1,C:\Dalhousie\ASD (5308)\Assignment 1\camel-language-server\src\main\java\com\github\cameltooling\lsp\internal\modelinemodel\CamelKModelineConfigFileOption.java,24
camel-language-server,com.github.cameltooling.lsp.internal.modelinemodel,CamelKModelineConfigOption,5,0,6,6,42,9,0,2,0.0,0,1,C:\Dalhousie\ASD (5308)\Assignment 1\camel-language-server\src\main\java\com\github\cameltooling\lsp\internal\modelinemodel\CamelKModelineConfigOption.java,26
camel-language-server,com.github.cameltooling.lsp.internal.modelinemodel,CamelKModelineDependencyOption,3,0,13,7,88,17,0,2,0.15384615384615385,0,3,C:\Dalhousie\ASD (5308)\Assignment 1\camel-language-server\src\main\java\com\github\cameltooling\lsp\internal\modelinemodel\CamelKModelineDependencyOption.java,35
camel-language-server,com.github.cameltooling.lsp.internal.modelinemodel,CamelKModelineLocalResourceRelatedOption,8,0,10,5,58,12,5,2,0.2,0,1,C:\Dalhousie\ASD (5308)\Assignment 1\camel-language-server\src\main\java\com\github\cameltooling\lsp\internal\modelinemodel\CamelKModelineLocalResourceRelatedOption.java,38
camel-language-server,com.github.cameltooling.lsp.internal.modelinemodel,CamelKModelineOpenAPIOption,0,0,3,1,15,3,0,3,-1.0,0,1,C:\Dalhousie\ASD (5308)\Assignment 1\camel-language-server\src\main\java\com\github\cameltooling\lsp\internal\modelinemodel\CamelKModelineOpenAPIOption.java,24
camel-language-server,com.github.cameltooling.lsp.internal.modelinemodel,CamelKModelineOption,5,0,11,9,100,25,0,1,0.0,1,2,C:\Dalhousie\ASD (5308)\Assignment 1\camel-language-server\src\main\java\com\github\cameltooling\lsp\internal\modelinemodel\CamelKModelineOption.java,35
camel-language-server,com.github.cameltooling.lsp.internal.modelinemodel,CamelKModelinePropertyDashFileOption,0,0,3,1,14,3,0,3,-1.0,0,1,C:\Dalhousie\ASD (5308)\Assignment 1\camel-language-server\src\main\java\com\github\cameltooling\lsp\internal\modelinemodel\CamelKModelinePropertyDashFileOption.java,24
camel-language-server,com.github.cameltooling.lsp.internal.modelinemodel,CamelKModelinePropertyFileOption,0,0,3,1,14,3,0,3,-1.0,1,1,C:\Dalhousie\ASD (5308)\Assignment 1\camel-language-server\src\main\java\com\github\cameltooling\lsp\internal\modelinemodel\CamelKModelinePropertyFileOption.java,24
camel-language-server,com.github.cameltooling.lsp.internal.modelinemodel,CamelKModelinePropertyOption,6,0,9,7,66,14,0,2,0.0,0,2,C:\Dalhousie\ASD (5308)\Assignment 1\camel-language-server\src\main\java\com\github\cameltooling\lsp\internal\modelinemodel\CamelKModelinePropertyOption.java,33
camel-language-server,com.github.cameltooling.lsp.internal.modelinemodel,CamelKModelineResourceFileOption,0,0,3,1,11,3,0,3,-1.0,1,1,C:\Dalhousie\ASD (5308)\Assignment 1\camel-language-server\src\main\java\com\github\cameltooling\lsp\internal\modelinemodel\CamelKModelineResourceFileOption.java,24
camel-language-server,com.github.cameltooling.lsp.internal.modelinemodel,CamelKModelineResourceOption,5,0,6,6,48,10,0,2,0.0,0,1,C:\Dalhousie\ASD (5308)\Assignment 1\camel-language-server\src\main\java\com\github\cameltooling\lsp\internal\modelinemodel\CamelKModelineResourceOption.java,26
camel-language-server,com.github.cameltooling.lsp.internal.modelinemodel,CamelKModelineTraitDefinition,4,0,9,8,41,10,0,2,0.0,3,2,C:\Dalhousie\ASD (5308)\Assignment 1\camel-language-server\src\main\java\com\github\cameltooling\lsp\internal\modelinemodel\CamelKModelineTraitDefinition.java,28
camel-language-server,com.github.cameltooling.lsp.internal.modelinemodel,CamelKModelineTraitDefinitionProperty,4,0,9,8,41,10,0,2,0.0,3,2,C:\Dalhousie\ASD (5308)\Assignment 1\camel-language-server\src\main\java\com\github\cameltooling\lsp\internal\modelinemodel\CamelKModelineTraitDefinitionProperty.java,28
camel-language-server,com.github.cameltooling.lsp.internal.modelinemodel,CamelKModelineTraitOption,6,0,11,9,78,18,0,2,0.0,6,2,C:\Dalhousie\ASD (5308)\Assignment 1\camel-language-server\src\main\java\com\github\cameltooling\lsp\internal\modelinemodel\CamelKModelineTraitOption.java,26
camel-language-server,com.github.cameltooling.lsp.internal.modelinemodel,GenericCamelKModelineOptionValue,3,0,5,5,22,5,0,2,0.0,0,0,C:\Dalhousie\ASD (5308)\Assignment 1\camel-language-server\src\main\java\com\github\cameltooling\lsp\internal\modelinemodel\GenericCamelKModelineOptionValue.java,19
camel-language-server,com.github.cameltooling.lsp.internal.modelinemodel,ICamelKModelineOptionValue,0,0,4,4,12,4,9,1,-1.0,3,0,C:\Dalhousie\ASD (5308)\Assignment 1\camel-language-server\src\main\java\com\github\cameltooling\lsp\internal\modelinemodel\ICamelKModelineOptionValue.java,29
camel-language-server,com.github.cameltooling.lsp.internal.modelinemodel,CamelKModelineOptionTest,2,0,7,0,53,7,0,0,0.7142857142857143,0,2,C:\Dalhousie\ASD (5308)\Assignment 1\camel-language-server\src\test\java\com\github\cameltooling\lsp\internal\modelinemodel\CamelKModelineOptionTest.java,25
camel-language-server,com.github.cameltooling.lsp.internal.modelinemodel,CamelKModelineTest,2,0,7,1,37,7,0,0,0.5714285714285714,0,3,C:\Dalhousie\ASD (5308)\Assignment 1\camel-language-server\src\test\java\com\github\cameltooling\lsp\internal\modelinemodel\CamelKModelineTest.java,31
camel-language-server,com.github.cameltooling.lsp.internal.modelinemodel,CamelKModelineTraitOptionTest,0,0,5,0,23,5,0,0,-1.0,0,2,C:\Dalhousie\ASD (5308)\Assignment 1\camel-language-server\src\test\java\com\github\cameltooling\lsp\internal\modelinemodel\CamelKModelineTraitOptionTest.java,25
camel-language-server,com.github.cameltooling.lsp.internal.parser,CamelKModelineInsertionParser,1,0,7,2,33,7,0,0,0.0,0,1,C:\Dalhousie\ASD (5308)\Assignment 1\camel-language-server\src\main\java\com\github\cameltooling\lsp\internal\parser\CamelKModelineInsertionParser.java,29
camel-language-server,com.github.cameltooling.lsp.internal.parser,CamelKModelineParser,3,3,2,2,20,5,0,0,0.0,3,0,C:\Dalhousie\ASD (5308)\Assignment 1\camel-language-server\src\main\java\com\github\cameltooling\lsp\internal\parser\CamelKModelineParser.java,21
camel-language-server,com.github.cameltooling.lsp.internal.parser,CamelYamlDSLParser,4,4,14,4,181,46,0,1,0.0,1,1,C:\Dalhousie\ASD (5308)\Assignment 1\camel-language-server\src\main\java\com\github\cameltooling\lsp\internal\parser\CamelYamlDSLParser.java,31
camel-language-server,com.github.cameltooling.lsp.internal.parser,NoopErrorHandler,0,0,3,3,8,3,0,0,-1.0,0,0,C:\Dalhousie\ASD (5308)\Assignment 1\camel-language-server\src\main\java\com\github\cameltooling\lsp\internal\parser\NoopErrorHandler.java,23
camel-language-server,com.github.cameltooling.lsp.internal.parser,ParserFileHelper,1,0,5,4,12,5,3,0,1.0,8,2,C:\Dalhousie\ASD (5308)\Assignment 1\camel-language-server\src\main\java\com\github\cameltooling\lsp\internal\parser\ParserFileHelper.java,24
camel-language-server,com.github.cameltooling.lsp.internal.parser,ParserFileHelperFactory,7,0,10,4,50,10,0,0,0.2,7,3,C:\Dalhousie\ASD (5308)\Assignment 1\camel-language-server\src\main\java\com\github\cameltooling\lsp\internal\parser\ParserFileHelperFactory.java,26
camel-language-server,com.github.cameltooling.lsp.internal.parser,ParserFileHelperUtil,0,0,3,3,15,4,0,0,-1.0,9,0,C:\Dalhousie\ASD (5308)\Assignment 1\camel-language-server\src\main\java\com\github\cameltooling\lsp\internal\parser\ParserFileHelperUtil.java,22
camel-language-server,com.github.cameltooling.lsp.internal.parser,ParserJavaFileHelper,2,0,6,4,46,11,0,1,0.0,1,1,C:\Dalhousie\ASD (5308)\Assignment 1\camel-language-server\src\main\java\com\github\cameltooling\lsp\internal\parser\ParserJavaFileHelper.java,27
camel-language-server,com.github.cameltooling.lsp.internal.parser,ParserXMLFileHelper,12,0,15,9,147,30,0,1,0.13333333333333333,6,1,C:\Dalhousie\ASD (5308)\Assignment 1\camel-language-server\src\main\java\com\github\cameltooling\lsp\internal\parser\ParserXMLFileHelper.java,49
camel-language-server,com.github.cameltooling.lsp.internal.parser,CamelKYamlDSLParserTest,0,0,5,0,17,5,0,0,-1.0,0,0,C:\Dalhousie\ASD (5308)\Assignment 1\camel-language-server\src\test\java\com\github\cameltooling\lsp\internal\parser\CamelKYamlDSLParserTest.java,24
camel-language-server,com.github.cameltooling.lsp.internal.parser,ParserXMLFileHelperTest,0,0,3,0,17,3,0,0,-1.0,0,3,C:\Dalhousie\ASD (5308)\Assignment 1\camel-language-server\src\test\java\com\github\cameltooling\lsp\internal\parser\ParserXMLFileHelperTest.java,29
camel-language-server,com.github.cameltooling.lsp.internal.parser.fileparserhelper,CamelYamlDSLFileParser,0,0,2,1,14,4,0,1,-1.0,0,3,C:\Dalhousie\ASD (5308)\Assignment 1\camel-language-server\src\main\java\com\github\cameltooling\lsp\internal\parser\fileparserhelper\CamelYamlDSLFileParser.java,24
camel-language-server,com.github.cameltooling.lsp.internal.parser.fileparserhelper,JavaFileParser,1,0,2,1,19,5,0,1,0.0,0,4,C:\Dalhousie\ASD (5308)\Assignment 1\camel-language-server\src\main\java\com\github\cameltooling\lsp\internal\parser\fileparserhelper\JavaFileParser.java,24
camel-language-server,com.github.cameltooling.lsp.internal.parser.fileparserhelper,Parser,0,0,1,1,3,1,3,0,-1.0,3,2,C:\Dalhousie\ASD (5308)\Assignment 1\camel-language-server\src\main\java\com\github\cameltooling\lsp\internal\parser\fileparserhelper\Parser.java,23
camel-language-server,com.github.cameltooling.lsp.internal.parser.fileparserhelper,ParserChainOfResponsibility,0,0,2,1,8,2,0,0,-1.0,1,4,C:\Dalhousie\ASD (5308)\Assignment 1\camel-language-server\src\main\java\com\github\cameltooling\lsp\internal\parser\fileparserhelper\ParserChainOfResponsibility.java,23
camel-language-server,com.github.cameltooling.lsp.internal.parser.fileparserhelper,XMLFileParser,1,0,2,1,17,4,0,1,0.0,1,4,C:\Dalhousie\ASD (5308)\Assignment 1\camel-language-server\src\main\java\com\github\cameltooling\lsp\internal\parser\fileparserhelper\XMLFileParser.java,24
camel-language-server,com.github.cameltooling.lsp.internal.references,ReferencesProcessor,4,0,5,2,54,13,0,0,0.0,0,4,C:\Dalhousie\ASD (5308)\Assignment 1\camel-language-server\src\main\java\com\github\cameltooling\lsp\internal\references\ReferencesProcessor.java,40
camel-language-server,com.github.cameltooling.lsp.internal.references,MultiDocumentReferencesProcessorTest,2,0,3,0,63,9,0,0,0.6666666666666666,0,1,C:\Dalhousie\ASD (5308)\Assignment 1\camel-language-server\src\test\java\com\github\cameltooling\lsp\internal\references\MultiDocumentReferencesProcessorTest.java,34
camel-language-server,com.github.cameltooling.lsp.internal.references,ReferencesProcessorTest,7,0,9,0,52,9,0,0,0.0,0,1,C:\Dalhousie\ASD (5308)\Assignment 1\camel-language-server\src\test\java\com\github\cameltooling\lsp\internal\references\ReferencesProcessorTest.java,34
camel-language-server,com.github.cameltooling.lsp.internal.settings,JSONUtility,0,0,2,1,31,7,0,0,-1.0,2,0,C:\Dalhousie\ASD (5308)\Assignment 1\camel-language-server\src\main\java\com\github\cameltooling\lsp\internal\settings\JSONUtility.java,22
camel-language-server,com.github.cameltooling.lsp.internal.settings,SettingsManager,8,5,8,5,57,13,0,0,0.25,18,2,C:\Dalhousie\ASD (5308)\Assignment 1\camel-language-server\src\main\java\com\github\cameltooling\lsp\internal\settings\SettingsManager.java,30
camel-language-server,com.github.cameltooling.lsp.internal.telemetry,InitializationTelemetryInfo,8,8,2,1,33,2,0,0,1.0,1,3,C:\Dalhousie\ASD (5308)\Assignment 1\camel-language-server\src\main\java\com\github\cameltooling\lsp\internal\telemetry\InitializationTelemetryInfo.java,15
camel-language-server,com.github.cameltooling.lsp.internal.telemetry,JVM,6,0,7,7,61,7,0,0,0.0,2,2,C:\Dalhousie\ASD (5308)\Assignment 1\camel-language-server\src\main\java\com\github\cameltooling\lsp\internal\telemetry\JVM.java,12
camel-language-server,com.github.cameltooling.lsp.internal.telemetry,Memory,3,0,4,3,23,4,0,0,0.0,2,0,C:\Dalhousie\ASD (5308)\Assignment 1\camel-language-server\src\main\java\com\github\cameltooling\lsp\internal\telemetry\Memory.java,3
camel-language-server,com.github.cameltooling.lsp.internal.telemetry,OS,4,0,5,5,43,5,0,0,0.0,1,1,C:\Dalhousie\ASD (5308)\Assignment 1\camel-language-server\src\main\java\com\github\cameltooling\lsp\internal\telemetry\OS.java,3
camel-language-server,com.github.cameltooling.lsp.internal.telemetry,Platform,3,0,6,3,54,7,0,0,0.6666666666666666,3,2,C:\Dalhousie\ASD (5308)\Assignment 1\camel-language-server\src\main\java\com\github\cameltooling\lsp\internal\telemetry\Platform.java,12
camel-language-server,com.github.cameltooling.lsp.internal.telemetry,TelemetryEvent,2,2,2,0,14,2,0,0,1.0,1,0,C:\Dalhousie\ASD (5308)\Assignment 1\camel-language-server\src\main\java\com\github\cameltooling\lsp\internal\telemetry\TelemetryEvent.java,14
camel-language-server,com.github.cameltooling.lsp.internal.telemetry,TelemetryLanguage,1,0,2,2,14,3,0,0,0.0,0,1,C:\Dalhousie\ASD (5308)\Assignment 1\camel-language-server\src\main\java\com\github\cameltooling\lsp\internal\telemetry\TelemetryLanguage.java,25
camel-language-server,com.github.cameltooling.lsp.internal.telemetry,TelemetryManager,3,2,4,3,32,4,0,0,0.0,3,1,C:\Dalhousie\ASD (5308)\Assignment 1\camel-language-server\src\main\java\com\github\cameltooling\lsp\internal\telemetry\TelemetryManager.java,17
camel-language-server,com.github.cameltooling.lsp.internal.telemetry,TelemetryTest,0,0,4,0,27,4,0,0,-1.0,0,3,C:\Dalhousie\ASD (5308)\Assignment 1\camel-language-server\src\test\java\com\github\cameltooling\lsp\internal\telemetry\TelemetryTest.java,37
camel-language-server,com.github.cameltooling.lsp.internal.websocket,CamelLSPWebSocketEndpoint,0,0,2,0,9,2,0,0,-1.0,1,0,C:\Dalhousie\ASD (5308)\Assignment 1\camel-language-server\src\main\java\com\github\cameltooling\lsp\internal\websocket\CamelLSPWebSocketEndpoint.java,28
camel-language-server,com.github.cameltooling.lsp.internal.websocket,CamelLSPWebSocketServerConfigProvider,1,0,2,2,10,2,0,0,1.0,0,1,C:\Dalhousie\ASD (5308)\Assignment 1\camel-language-server\src\main\java\com\github\cameltooling\lsp\internal\websocket\CamelLSPWebSocketServerConfigProvider.java,26
camel-language-server,com.github.cameltooling.lsp.internal.websocket,WebSocketRunner,6,0,3,3,41,3,0,0,0.0,1,0,C:\Dalhousie\ASD (5308)\Assignment 1\camel-language-server\src\main\java\com\github\cameltooling\lsp\internal\websocket\WebSocketRunner.java,25
camel-language-server,com.github.cameltooling.lsp.internal.completion.camelapplicationproperties,AbstractCamelPropertiesComponentOptionTest,0,0,2,0,10,2,2,0,-1.0,0,2,C:\Dalhousie\ASD (5308)\Assignment 1\camel-language-server\src\test\java\com\github\cameltooling\lsp\internal\completion\camelapplicationproperties\AbstractCamelPropertiesComponentOptionTest.java,35
camel-language-server,com.github.cameltooling.lsp.internal.completion.camelapplicationproperties,CamelPropertiesComponentCompletionTest,0,0,6,0,30,6,0,0,-1.0,0,1,C:\Dalhousie\ASD (5308)\Assignment 1\camel-language-server\src\test\java\com\github\cameltooling\lsp\internal\completion\camelapplicationproperties\CamelPropertiesComponentCompletionTest.java,39
camel-language-server,com.github.cameltooling.lsp.internal.completion.camelapplicationproperties,CamelPropertiesComponentOptionBooleanValuesCompletionTest,0,0,4,0,21,4,0,0,-1.0,0,1,C:\Dalhousie\ASD (5308)\Assignment 1\camel-language-server\src\test\java\com\github\cameltooling\lsp\internal\completion\camelapplicationproperties\CamelPropertiesComponentOptionBooleanValuesCompletionTest.java,39
camel-language-server,com.github.cameltooling.lsp.internal.completion.camelapplicationproperties,CamelPropertiesComponentOptionDashedNameCompletionTest,1,0,6,0,40,6,0,1,0.8333333333333334,0,0,C:\Dalhousie\ASD (5308)\Assignment 1\camel-language-server\src\test\java\com\github\cameltooling\lsp\internal\completion\camelapplicationproperties\CamelPropertiesComponentOptionDashedNameCompletionTest.java,32
camel-language-server,com.github.cameltooling.lsp.internal.completion.camelapplicationproperties,CamelPropertiesComponentOptionEnumerationValuesCompletionTest,0,0,5,0,25,5,0,0,-1.0,0,1,C:\Dalhousie\ASD (5308)\Assignment 1\camel-language-server\src\test\java\com\github\cameltooling\lsp\internal\completion\camelapplicationproperties\CamelPropertiesComponentOptionEnumerationValuesCompletionTest.java,39
camel-language-server,com.github.cameltooling.lsp.internal.completion.camelapplicationproperties,CamelPropertiesComponentOptionNameCompletionTest,0,0,6,0,39,6,0,1,-1.0,0,0,C:\Dalhousie\ASD (5308)\Assignment 1\camel-language-server\src\test\java\com\github\cameltooling\lsp\internal\completion\camelapplicationproperties\CamelPropertiesComponentOptionNameCompletionTest.java,32
camel-language-server,com.github.cameltooling.lsp.internal.completion.camelapplicationproperties,CamelPropertiesEdgeCasesTest,0,0,1,0,7,1,0,0,-1.0,0,1,C:\Dalhousie\ASD (5308)\Assignment 1\camel-language-server\src\test\java\com\github\cameltooling\lsp\internal\completion\camelapplicationproperties\CamelPropertiesEdgeCasesTest.java,34
camel-language-server,com.github.cameltooling.lsp.internal.completion.camelapplicationproperties,CamelPropertiesGroupPropertyCompletionTest,0,0,4,0,22,4,0,0,-1.0,0,1,C:\Dalhousie\ASD (5308)\Assignment 1\camel-language-server\src\test\java\com\github\cameltooling\lsp\internal\completion\camelapplicationproperties\CamelPropertiesGroupPropertyCompletionTest.java,36
camel-language-server,com.github.cameltooling.lsp.internal.completion.camelapplicationproperties,CamelPropertiesTopLevelCompletionTest,0,0,5,0,27,5,0,0,-1.0,0,1,C:\Dalhousie\ASD (5308)\Assignment 1\camel-language-server\src\test\java\com\github\cameltooling\lsp\internal\completion\camelapplicationproperties\CamelPropertiesTopLevelCompletionTest.java,38
camel-language-server,com.github.cameltooling.lsp.internal.util,RouteTextBuilder,4,1,3,3,27,3,0,0,0.0,17,0,C:\Dalhousie\ASD (5308)\Assignment 1\camel-language-server\src\test\java\com\github\cameltooling\lsp\internal\util\RouteTextBuilder.java,19
camel-language-server,com.github.cameltooling.lsp.internal.util,TestLogAppender,1,0,3,3,12,3,0,0,0.6666666666666666,3,0,C:\Dalhousie\ASD (5308)\Assignment 1\camel-language-server\src\test\java\com\github\cameltooling\lsp\internal\util\TestLogAppender.java,26
camel-language-server,com.github.cameltooling.lsp.internal.util,TestLoggerUtil,0,0,2,1,20,3,0,0,-1.0,0,1,C:\Dalhousie\ASD (5308)\Assignment 1\camel-language-server\src\test\java\com\github\cameltooling\lsp\internal\util\TestLoggerUtil.java,25
camel-language-server,(default package),AnInterface,0,0,0,0,2,0,0,0,-1.0,0,0,C:\Dalhousie\ASD (5308)\Assignment 1\camel-language-server\src\test\resources\workspace\AnInterface.java,1
camel-language-server,(default package),MyRouteBuilder,0,0,1,1,11,1,0,0,-1.0,0,0,C:\Dalhousie\ASD (5308)\Assignment 1\camel-language-server\src\test\resources\workspace\camel.java,3
camel-language-server,(default package),AnInterface,0,0,0,0,2,0,0,0,-1.0,0,0,C:\Dalhousie\ASD (5308)\Assignment 1\camel-language-server\src\test\resources\workspace\diagnostic\AnInterface.java,1
camel-language-server,(default package),MyRouteBuilder,0,0,1,1,11,1,0,0,-1.0,0,0,C:\Dalhousie\ASD (5308)\Assignment 1\camel-language-server\src\test\resources\workspace\diagnostic\camel-with-endpoint-error.java,3
camel-language-server,(default package),MyRouteBuilder,0,0,1,1,11,1,0,0,-1.0,0,0,C:\Dalhousie\ASD (5308)\Assignment 1\camel-language-server\src\test\resources\workspace\diagnostic\camel-with-kafka-endpoint.java,3
camel-language-server,(default package),MyRouteBuilder,0,0,1,1,11,1,0,0,-1.0,0,0,C:\Dalhousie\ASD (5308)\Assignment 1\camel-language-server\src\test\resources\workspace\diagnostic\camel-with-knative-endpoint.java,3
camel-language-server,(default package),MyRouteBuilder,0,0,1,1,11,1,0,0,-1.0,0,0,C:\Dalhousie\ASD (5308)\Assignment 1\camel-language-server\src\test\resources\workspace\diagnostic\camel-with-kubernetes-endpoint.java,3
camel-language-server,(default package),MyRouteBuilder,0,0,1,1,5,1,0,0,-1.0,0,0,C:\Dalhousie\ASD (5308)\Assignment 1\camel-language-server\src\test\resources\workspace\diagnostic\camel-with-properties.java,3
camel-language-server,(default package),MyRouteBuilder,0,0,1,1,11,1,0,0,-1.0,0,0,C:\Dalhousie\ASD (5308)\Assignment 1\camel-language-server\src\test\resources\workspace\diagnostic\camel.java,3
camel-language-server,(default package),MyRouteBuilder,0,0,1,1,5,1,0,0,-1.0,0,0,C:\Dalhousie\ASD (5308)\Assignment 1\camel-language-server\src\test\resources\workspace\diagnostic\camelk-with-duplicated-traits-in-modeline-written-secondline.java,4
camel-language-server,(default package),MyRouteBuilder,0,0,1,1,5,1,0,0,-1.0,0,0,C:\Dalhousie\ASD (5308)\Assignment 1\camel-language-server\src\test\resources\workspace\diagnostic\camelk-with-duplicated-traits-in-modeline.java,3
camel-language-server,(default package),LinearRoute,0,0,1,1,5,1,0,0,-1.0,0,0,C:\Dalhousie\ASD (5308)\Assignment 1\camel-language-server\src\test\resources\workspace\LinearRoute.java,3
camel-language-server,(default package),My3LinearRoutes,0,0,1,1,7,1,0,0,-1.0,0,0,C:\Dalhousie\ASD (5308)\Assignment 1\camel-language-server\src\test\resources\workspace\My3LinearRoutes.java,3
camel-language-server,(default package),My3RouteBuilder,0,0,1,1,7,1,0,0,-1.0,0,0,C:\Dalhousie\ASD (5308)\Assignment 1\camel-language-server\src\test\resources\workspace\My3RoutesBuilder.java,3
camel-language-server,(default package),PartialRoute,0,0,1,1,5,1,0,0,-1.0,0,0,C:\Dalhousie\ASD (5308)\Assignment 1\camel-language-server\src\test\resources\workspace\PartialRoute.java,1
camel-language-server,(default package),RoutesWithChoice,0,0,1,1,6,1,0,0,-1.0,0,0,C:\Dalhousie\ASD (5308)\Assignment 1\camel-language-server\src\test\resources\workspace\RoutesWithChoice.java,3
camel-language-server,(default package),RouteWithChoice,0,0,1,1,5,1,0,0,-1.0,0,0,C:\Dalhousie\ASD (5308)\Assignment 1\camel-language-server\src\test\resources\workspace\RouteWithChoice.java,3
camel-language-server,(default package),RouteWithChoiceAndEnd,0,0,1,1,5,1,0,0,-1.0,0,0,C:\Dalhousie\ASD (5308)\Assignment 1\camel-language-server\src\test\resources\workspace\RouteWithChoiceAndEnd.java,3
camel-language-server,(default package),MyRouteBuilder,0,0,1,1,11,1,0,0,-1.0,0,0,C:\Dalhousie\ASD (5308)\Assignment 1\camel-language-server\src\test\resources\workspace with space\MyRouteBuilder.java,3
camel-language-server,(default package),AnInterface,0,0,0,0,2,0,0,0,-1.0,0,0,C:\Dalhousie\ASD (5308)\Assignment 1\camel-language-server\target\test-classes\workspace\AnInterface.java,1
camel-language-server,(default package),MyRouteBuilder,0,0,1,1,11,1,0,0,-1.0,0,0,C:\Dalhousie\ASD (5308)\Assignment 1\camel-language-server\target\test-classes\workspace\camel.java,3
camel-language-server,(default package),AnInterface,0,0,0,0,2,0,0,0,-1.0,0,0,C:\Dalhousie\ASD (5308)\Assignment 1\camel-language-server\target\test-classes\workspace\diagnostic\AnInterface.java,1
camel-language-server,(default package),MyRouteBuilder,0,0,1,1,11,1,0,0,-1.0,0,0,C:\Dalhousie\ASD (5308)\Assignment 1\camel-language-server\target\test-classes\workspace\diagnostic\camel-with-endpoint-error.java,3
camel-language-server,(default package),MyRouteBuilder,0,0,1,1,11,1,0,0,-1.0,0,0,C:\Dalhousie\ASD (5308)\Assignment 1\camel-language-server\target\test-classes\workspace\diagnostic\camel-with-kafka-endpoint.java,3
camel-language-server,(default package),MyRouteBuilder,0,0,1,1,11,1,0,0,-1.0,0,0,C:\Dalhousie\ASD (5308)\Assignment 1\camel-language-server\target\test-classes\workspace\diagnostic\camel-with-knative-endpoint.java,3
camel-language-server,(default package),MyRouteBuilder,0,0,1,1,11,1,0,0,-1.0,0,0,C:\Dalhousie\ASD (5308)\Assignment 1\camel-language-server\target\test-classes\workspace\diagnostic\camel-with-kubernetes-endpoint.java,3
camel-language-server,(default package),MyRouteBuilder,0,0,1,1,5,1,0,0,-1.0,0,0,C:\Dalhousie\ASD (5308)\Assignment 1\camel-language-server\target\test-classes\workspace\diagnostic\camel-with-properties.java,3
camel-language-server,(default package),MyRouteBuilder,0,0,1,1,11,1,0,0,-1.0,0,0,C:\Dalhousie\ASD (5308)\Assignment 1\camel-language-server\target\test-classes\workspace\diagnostic\camel.java,3
camel-language-server,(default package),MyRouteBuilder,0,0,1,1,5,1,0,0,-1.0,0,0,C:\Dalhousie\ASD (5308)\Assignment 1\camel-language-server\target\test-classes\workspace\diagnostic\camelk-with-duplicated-traits-in-modeline-written-secondline.java,4
camel-language-server,(default package),MyRouteBuilder,0,0,1,1,5,1,0,0,-1.0,0,0,C:\Dalhousie\ASD (5308)\Assignment 1\camel-language-server\target\test-classes\workspace\diagnostic\camelk-with-duplicated-traits-in-modeline.java,3
camel-language-server,(default package),LinearRoute,0,0,1,1,5,1,0,0,-1.0,0,0,C:\Dalhousie\ASD (5308)\Assignment 1\camel-language-server\target\test-classes\workspace\LinearRoute.java,3
camel-language-server,(default package),My3LinearRoutes,0,0,1,1,7,1,0,0,-1.0,0,0,C:\Dalhousie\ASD (5308)\Assignment 1\camel-language-server\target\test-classes\workspace\My3LinearRoutes.java,3
camel-language-server,(default package),My3RouteBuilder,0,0,1,1,7,1,0,0,-1.0,0,0,C:\Dalhousie\ASD (5308)\Assignment 1\camel-language-server\target\test-classes\workspace\My3RoutesBuilder.java,3
camel-language-server,(default package),PartialRoute,0,0,1,1,5,1,0,0,-1.0,0,0,C:\Dalhousie\ASD (5308)\Assignment 1\camel-language-server\target\test-classes\workspace\PartialRoute.java,1
camel-language-server,(default package),RoutesWithChoice,0,0,1,1,6,1,0,0,-1.0,0,0,C:\Dalhousie\ASD (5308)\Assignment 1\camel-language-server\target\test-classes\workspace\RoutesWithChoice.java,3
camel-language-server,(default package),RouteWithChoice,0,0,1,1,5,1,0,0,-1.0,0,0,C:\Dalhousie\ASD (5308)\Assignment 1\camel-language-server\target\test-classes\workspace\RouteWithChoice.java,3
camel-language-server,(default package),RouteWithChoiceAndEnd,0,0,1,1,5,1,0,0,-1.0,0,0,C:\Dalhousie\ASD (5308)\Assignment 1\camel-language-server\target\test-classes\workspace\RouteWithChoiceAndEnd.java,3
camel-language-server,(default package),MyRouteBuilder,0,0,1,1,11,1,0,0,-1.0,0,0,C:\Dalhousie\ASD (5308)\Assignment 1\camel-language-server\target\test-classes\workspace with space\MyRouteBuilder.java,3
